Preview,Publisher ID,Collection,Obs. ID,Product ID,Instrument,Int. Time,Overall Quality,Really Bad Tracking,Bad Tracking,Bad Weather,Background Problem,Dead CCDs
caom:CFHT/1074258,ivo://cadc.nrc.ca/CFHT?1074258/1074258p,CFHT,1074258.0,1074258p,MegaPrime,147.1880000000001,0.0389,0.0,0.0,0.9528,0.0083,0.0
caom:CFHT/1074553,ivo://cadc.nrc.ca/CFHT?1074553/1074553p,CFHT,1074553.0,1074553p,MegaPrime,230.19300000000013,0.1996,0.0,0.0,0.7877,0.0126,0.0
caom:CFHT/1074569,ivo://cadc.nrc.ca/CFHT?1074569/1074569p,CFHT,1074569.0,1074569p,MegaPrime,119.14299999999999,0.5005,0.0004,0.0018,0.2805,0.2169,0.0
caom:CFHT/1691613,ivo://cadc.nrc.ca/CFHT?1691613/1691613p,CFHT,1691613.0,1691613p,MegaPrime,30.111,0.9449,0.0,0.0001,0.0,0.0551,0.0
caom:CFHT/1691614,ivo://cadc.nrc.ca/CFHT?1691614/1691614p,CFHT,1691614.0,1691614p,MegaPrime,48.125,0.9768,0.0,0.0,0.0,0.0232,0.0
caom:CFHT/1691616,ivo://cadc.nrc.ca/CFHT?1691616/1691616p,CFHT,1691616.0,1691616p,MegaPrime,48.09999999999997,0.9718,0.0,0.0,0.0,0.0282,0.0
caom:CFHT/1691650,ivo://cadc.nrc.ca/CFHT?1691650/1691650p,CFHT,1691650.0,1691650p,MegaPrime,40.09799999999998,0.9783,0.0,0.0,0.0,0.0216,0.0
caom:CFHT/1691651,ivo://cadc.nrc.ca/CFHT?1691651/1691651p,CFHT,1691651.0,1691651p,MegaPrime,71.09700000000005,0.9698,0.0,0.0,0.0,0.0302,0.0
caom:CFHT/1691652,ivo://cadc.nrc.ca/CFHT?1691652/1691652p,CFHT,1691652.0,1691652p,MegaPrime,40.116999999999976,0.9878,0.0,0.0,0.0,0.0122,0.0
caom:CFHT/1691653,ivo://cadc.nrc.ca/CFHT?1691653/1691653p,CFHT,1691653.0,1691653p,MegaPrime,71.119,0.9801,0.0,0.0,0.0,0.0199,0.0
caom:CFHT/1692117,ivo://cadc.nrc.ca/CFHT?1692117/1692117p,CFHT,1692117.0,1692117p,MegaPrime,30.120999999999995,0.9576,0.0,0.0004,0.0,0.042,0.0
caom:CFHT/1692118,ivo://cadc.nrc.ca/CFHT?1692118/1692118p,CFHT,1692118.0,1692118p,MegaPrime,48.12200000000002,0.9742,0.0,0.0003,0.0,0.0255,0.0
caom:CFHT/1692119,ivo://cadc.nrc.ca/CFHT?1692119/1692119p,CFHT,1692119.0,1692119p,MegaPrime,30.125999999999987,0.9728,0.0,0.0,0.0,0.0272,0.0
caom:CFHT/1692156,ivo://cadc.nrc.ca/CFHT?1692156/1692156p,CFHT,1692156.0,1692156p,MegaPrime,71.10100000000007,0.9866,0.0,0.0,0.0,0.0134,0.0
caom:CFHT/1692157,ivo://cadc.nrc.ca/CFHT?1692157/1692157p,CFHT,1692157.0,1692157p,MegaPrime,40.10699999999998,0.9949,0.0,0.0,0.0,0.0051,0.0
caom:CFHT/1692158,ivo://cadc.nrc.ca/CFHT?1692158/1692158p,CFHT,1692158.0,1692158p,MegaPrime,71.09799999999997,0.9926,0.0,0.0,0.0,0.0074,0.0
caom:CFHT/1692590,ivo://cadc.nrc.ca/CFHT?1692590/1692590p,CFHT,1692590.0,1692590p,MegaPrime,30.14999999999999,0.9579,0.0,0.0001,0.0,0.042,0.0
caom:CFHT/1692592,ivo://cadc.nrc.ca/CFHT?1692592/1692592p,CFHT,1692592.0,1692592p,MegaPrime,30.13800000000001,0.9446,0.0,0.0001,0.0,0.0553,0.0
caom:CFHT/1692593,ivo://cadc.nrc.ca/CFHT?1692593/1692593p,CFHT,1692593.0,1692593p,MegaPrime,48.13899999999996,0.9735,0.0,0.0,0.0,0.0264,0.0
caom:CFHT/1692628,ivo://cadc.nrc.ca/CFHT?1692628/1692628p,CFHT,1692628.0,1692628p,MegaPrime,40.10699999999998,0.9590000000000001,0.0,0.0,0.0,0.040999999999999995,0.0
caom:CFHT/1692629,ivo://cadc.nrc.ca/CFHT?1692629/1692629p,CFHT,1692629.0,1692629p,MegaPrime,71.12199999999999,0.9626,0.0,0.0,0.0,0.0374,0.0
caom:CFHT/1692630,ivo://cadc.nrc.ca/CFHT?1692630/1692630p,CFHT,1692630.0,1692630p,MegaPrime,40.13000000000003,0.9582,0.0,0.0002,0.0,0.0415,0.0
caom:CFHT/1692631,ivo://cadc.nrc.ca/CFHT?1692631/1692631p,CFHT,1692631.0,1692631p,MegaPrime,71.12100000000005,0.9873,0.0,0.0,0.0,0.0127,0.0
caom:CFHT/1692777,ivo://cadc.nrc.ca/CFHT?1692777/1692777p,CFHT,1692777.0,1692777p,MegaPrime,30.125999999999987,0.9323,0.0,0.0003,0.0,0.0674,0.0
caom:CFHT/1692778,ivo://cadc.nrc.ca/CFHT?1692778/1692778p,CFHT,1692778.0,1692778p,MegaPrime,48.125,0.9471,0.0,0.0,0.0,0.0529,0.0
caom:CFHT/1692779,ivo://cadc.nrc.ca/CFHT?1692779/1692779p,CFHT,1692779.0,1692779p,MegaPrime,30.12800000000001,0.8625,0.0,0.0003,0.0008,0.1363,0.0
caom:CFHT/1692780,ivo://cadc.nrc.ca/CFHT?1692780/1692780p,CFHT,1692780.0,1692780p,MegaPrime,48.126999999999974,0.9279,0.0,0.0001,0.0,0.0721,0.0
caom:CFHT/1692815,ivo://cadc.nrc.ca/CFHT?1692815/1692815p,CFHT,1692815.0,1692815p,MegaPrime,40.121000000000016,0.9258,0.0003,0.0007,0.0,0.0732,0.0
caom:CFHT/1692816,ivo://cadc.nrc.ca/CFHT?1692816/1692816p,CFHT,1692816.0,1692816p,MegaPrime,71.131,0.9616,0.0,0.0,0.0,0.0384,0.0
caom:CFHT/1692817,ivo://cadc.nrc.ca/CFHT?1692817/1692817p,CFHT,1692817.0,1692817p,MegaPrime,40.10799999999997,0.9244,0.0,0.0,0.0,0.0755,0.0
caom:CFHT/1692818,ivo://cadc.nrc.ca/CFHT?1692818/1692818p,CFHT,1692818.0,1692818p,MegaPrime,71.11100000000002,0.9557,0.0,0.0,0.0,0.0443,0.0
caom:CFHT/1697980,ivo://cadc.nrc.ca/CFHT?1697980/1697980p,CFHT,1697980.0,1697980p,MegaPrime,40.154,0.8978,0.0,0.0005,0.0007,0.1009,0.0
caom:CFHT/1697981,ivo://cadc.nrc.ca/CFHT?1697981/1697981p,CFHT,1697981.0,1697981p,MegaPrime,89.15299999999995,0.9125,0.0,0.0014,0.0011,0.0851,0.0
caom:CFHT/1697982,ivo://cadc.nrc.ca/CFHT?1697982/1697982p,CFHT,1697982.0,1697982p,MegaPrime,40.15300000000001,0.8759999999999999,0.0,0.0008,0.0008,0.1224,0.0
caom:CFHT/1697983,ivo://cadc.nrc.ca/CFHT?1697983/1697983p,CFHT,1697983.0,1697983p,MegaPrime,96.15799999999994,0.8455,0.0002,0.0006,0.0413,0.1124,0.0
caom:CFHT/1698024,ivo://cadc.nrc.ca/CFHT?1698024/1698024p,CFHT,1698024.0,1698024p,MegaPrime,30.159999999999997,0.6458,0.0002,0.0031,0.0489,0.302,0.0
caom:CFHT/1698025,ivo://cadc.nrc.ca/CFHT?1698025/1698025p,CFHT,1698025.0,1698025p,MegaPrime,131.15099999999995,0.6672,0.0003,0.0011,0.1973,0.1341,0.0
caom:CFHT/1698026,ivo://cadc.nrc.ca/CFHT?1698026/1698026p,CFHT,1698026.0,1698026p,MegaPrime,30.147000000000013,0.7075,0.0004,0.0058,0.016,0.2704,0.0
caom:CFHT/1698027,ivo://cadc.nrc.ca/CFHT?1698027/1698027p,CFHT,1698027.0,1698027p,MegaPrime,128.14800000000002,0.7477,0.0,0.0001,0.1413,0.1109,0.0
caom:CFHT/1698349,ivo://cadc.nrc.ca/CFHT?1698349/1698349p,CFHT,1698349.0,1698349p,MegaPrime,30.13199999999998,0.9557,0.0,0.0,0.0,0.0442,0.0
caom:CFHT/1698350,ivo://cadc.nrc.ca/CFHT?1698350/1698350p,CFHT,1698350.0,1698350p,MegaPrime,48.144,0.9853,0.0,0.0,0.0,0.0147,0.0
caom:CFHT/1698351,ivo://cadc.nrc.ca/CFHT?1698351/1698351p,CFHT,1698351.0,1698351p,MegaPrime,30.147000000000013,0.9816,0.0,0.0,0.0,0.0184,0.0
caom:CFHT/1698352,ivo://cadc.nrc.ca/CFHT?1698352/1698352p,CFHT,1698352.0,1698352p,MegaPrime,48.12899999999997,0.987,0.0,0.0,0.0,0.013000000000000001,0.0
caom:CFHT/1698399,ivo://cadc.nrc.ca/CFHT?1698399/1698399p,CFHT,1698399.0,1698399p,MegaPrime,40.10500000000001,0.943,0.0005,0.0001,0.0,0.0563,0.0
caom:CFHT/1698400,ivo://cadc.nrc.ca/CFHT?1698400/1698400p,CFHT,1698400.0,1698400p,MegaPrime,71.11200000000002,0.9472,0.0,0.0001,0.0,0.0528,0.0
caom:CFHT/1698401,ivo://cadc.nrc.ca/CFHT?1698401/1698401p,CFHT,1698401.0,1698401p,MegaPrime,40.10400000000002,0.9267,0.0015,0.001,0.0017,0.0692,0.0
caom:CFHT/1698402,ivo://cadc.nrc.ca/CFHT?1698402/1698402p,CFHT,1698402.0,1698402p,MegaPrime,71.11499999999995,0.9423,0.0,0.0001,0.0,0.0577,0.0
caom:CFHT/1698629,ivo://cadc.nrc.ca/CFHT?1698629/1698629p,CFHT,1698629.0,1698629p,MegaPrime,30.09000000000001,0.9535,0.0,0.0,0.0,0.0465,0.0
caom:CFHT/1698630,ivo://cadc.nrc.ca/CFHT?1698630/1698630p,CFHT,1698630.0,1698630p,MegaPrime,48.103000000000016,0.9583,0.0,0.0002,0.0,0.0415,0.0
caom:CFHT/1698631,ivo://cadc.nrc.ca/CFHT?1698631/1698631p,CFHT,1698631.0,1698631p,MegaPrime,30.085000000000008,0.9619,0.0,0.0,0.0,0.0381,0.0
caom:CFHT/1698632,ivo://cadc.nrc.ca/CFHT?1698632/1698632p,CFHT,1698632.0,1698632p,MegaPrime,48.08999999999998,0.9767,0.0,0.0,0.0,0.0233,0.0
caom:CFHT/1698667,ivo://cadc.nrc.ca/CFHT?1698667/1698667p,CFHT,1698667.0,1698667p,MegaPrime,40.09300000000001,0.9933,0.0,0.0,0.0,0.0067,0.0
caom:CFHT/1698668,ivo://cadc.nrc.ca/CFHT?1698668/1698668p,CFHT,1698668.0,1698668p,MegaPrime,71.09700000000005,0.9936,0.0,0.0,0.0,0.0064,0.0
caom:CFHT/1698669,ivo://cadc.nrc.ca/CFHT?1698669/1698669p,CFHT,1698669.0,1698669p,MegaPrime,40.10899999999999,0.9953,0.0,0.0,0.0,0.0047,0.0
caom:CFHT/1698670,ivo://cadc.nrc.ca/CFHT?1698670/1698670p,CFHT,1698670.0,1698670p,MegaPrime,71.11700000000002,0.99,0.0,0.0,0.0,0.01,0.0
caom:CFHT/1704408,ivo://cadc.nrc.ca/CFHT?1704408/1704408p,CFHT,1704408.0,1704408p,MegaPrime,72.12300000000003,0.8985,0.0,0.0004,0.0003,0.1009,0.0
caom:CFHT/1704409,ivo://cadc.nrc.ca/CFHT?1704409/1704409p,CFHT,1704409.0,1704409p,MegaPrime,30.106999999999974,0.8908,0.0,0.0002,0.0,0.1089,0.0
caom:CFHT/1704410,ivo://cadc.nrc.ca/CFHT?1704410/1704410p,CFHT,1704410.0,1704410p,MegaPrime,74.11200000000005,0.9221,0.0,0.0,0.0004,0.0775,0.0
caom:CFHT/1704686,ivo://cadc.nrc.ca/CFHT?1704686/1704686p,CFHT,1704686.0,1704686p,MegaPrime,30.11999999999999,0.853,0.0,0.0071,0.0001,0.1399,0.0
caom:CFHT/1704688,ivo://cadc.nrc.ca/CFHT?1704688/1704688p,CFHT,1704688.0,1704688p,MegaPrime,30.11900000000001,0.9037,0.0,0.0002,0.0,0.0961,0.0
caom:CFHT/1704689,ivo://cadc.nrc.ca/CFHT?1704689/1704689p,CFHT,1704689.0,1704689p,MegaPrime,48.10899999999998,0.9771,0.0,0.0,0.0,0.0229,0.0
caom:CFHT/1704724,ivo://cadc.nrc.ca/CFHT?1704724/1704724p,CFHT,1704724.0,1704724p,MegaPrime,40.09200000000003,0.9571,0.0,0.0,0.0,0.0429,0.0
caom:CFHT/1704725,ivo://cadc.nrc.ca/CFHT?1704725/1704725p,CFHT,1704725.0,1704725p,MegaPrime,71.10300000000002,0.9545,0.0,0.0,0.0,0.0455,0.0
caom:CFHT/1704726,ivo://cadc.nrc.ca/CFHT?1704726/1704726p,CFHT,1704726.0,1704726p,MegaPrime,40.09300000000001,0.98,0.0,0.0,0.0,0.02,0.0
caom:CFHT/1704727,ivo://cadc.nrc.ca/CFHT?1704727/1704727p,CFHT,1704727.0,1704727p,MegaPrime,71.102,0.9317,0.0,0.0,0.0,0.0683,0.0
caom:CFHT/1705009,ivo://cadc.nrc.ca/CFHT?1705009/1705009p,CFHT,1705009.0,1705009p,MegaPrime,48.112000000000016,0.9499,0.0,0.0,0.0,0.0501,0.0
caom:CFHT/1705010,ivo://cadc.nrc.ca/CFHT?1705010/1705010p,CFHT,1705010.0,1705010p,MegaPrime,30.11199999999999,0.9041,0.0,0.0001,0.0,0.0958,0.0
caom:CFHT/1705011,ivo://cadc.nrc.ca/CFHT?1705011/1705011p,CFHT,1705011.0,1705011p,MegaPrime,48.11100000000004,0.9608,0.0,0.0001,0.0,0.0392,0.0
caom:CFHT/1705046,ivo://cadc.nrc.ca/CFHT?1705046/1705046p,CFHT,1705046.0,1705046p,MegaPrime,40.096,0.9653,0.0,0.0,0.0,0.0347,0.0
caom:CFHT/1705047,ivo://cadc.nrc.ca/CFHT?1705047/1705047p,CFHT,1705047.0,1705047p,MegaPrime,71.10399999999998,0.9451,0.0,0.0,0.0,0.0549,0.0
caom:CFHT/1705048,ivo://cadc.nrc.ca/CFHT?1705048/1705048p,CFHT,1705048.0,1705048p,MegaPrime,40.09400000000004,0.9406,0.0,0.0001,0.0,0.0593,0.0
caom:CFHT/1705049,ivo://cadc.nrc.ca/CFHT?1705049/1705049p,CFHT,1705049.0,1705049p,MegaPrime,71.09999999999997,0.9168,0.0,0.0,0.0,0.0832,0.0
caom:CFHT/1705349,ivo://cadc.nrc.ca/CFHT?1705349/1705349p,CFHT,1705349.0,1705349p,MegaPrime,30.114000000000008,0.8808,0.0,0.0001,0.0,0.11900000000000001,0.0
caom:CFHT/1705350,ivo://cadc.nrc.ca/CFHT?1705350/1705350p,CFHT,1705350.0,1705350p,MegaPrime,56.126999999999974,0.9109999999999999,0.0,0.0004,0.0,0.0886,0.0
caom:CFHT/1705351,ivo://cadc.nrc.ca/CFHT?1705351/1705351p,CFHT,1705351.0,1705351p,MegaPrime,30.125999999999987,0.9228,0.0,0.0002,0.0,0.077,0.0
caom:CFHT/1705352,ivo://cadc.nrc.ca/CFHT?1705352/1705352p,CFHT,1705352.0,1705352p,MegaPrime,54.10899999999997,0.9689,0.0,0.0,0.0,0.0311,0.0
caom:CFHT/1705387,ivo://cadc.nrc.ca/CFHT?1705387/1705387p,CFHT,1705387.0,1705387p,MegaPrime,40.101000000000035,0.9735,0.0,0.0,0.0,0.0265,0.0
caom:CFHT/1705388,ivo://cadc.nrc.ca/CFHT?1705388/1705388p,CFHT,1705388.0,1705388p,MegaPrime,71.10699999999999,0.9515,0.0,0.0,0.0,0.0485,0.0
caom:CFHT/1705389,ivo://cadc.nrc.ca/CFHT?1705389/1705389p,CFHT,1705389.0,1705389p,MegaPrime,40.10500000000001,0.948,0.0,0.0,0.0,0.052000000000000005,0.0
caom:CFHT/1705390,ivo://cadc.nrc.ca/CFHT?1705390/1705390p,CFHT,1705390.0,1705390p,MegaPrime,71.119,0.9223,0.0,0.0,0.0,0.0777,0.0
caom:CFHT/1705523,ivo://cadc.nrc.ca/CFHT?1705523/1705523p,CFHT,1705523.0,1705523p,MegaPrime,30.10199999999999,0.9602,0.0,0.0,0.0,0.0398,0.0
caom:CFHT/1705524,ivo://cadc.nrc.ca/CFHT?1705524/1705524p,CFHT,1705524.0,1705524p,MegaPrime,48.11400000000002,0.9622,0.0,0.0,0.0,0.0377,0.0
caom:CFHT/1705525,ivo://cadc.nrc.ca/CFHT?1705525/1705525p,CFHT,1705525.0,1705525p,MegaPrime,30.11199999999999,0.9128,0.0,0.0,0.0,0.0872,0.0
caom:CFHT/1705526,ivo://cadc.nrc.ca/CFHT?1705526/1705526p,CFHT,1705526.0,1705526p,MegaPrime,48.11999999999996,0.9827,0.0,0.0,0.0,0.0173,0.0
caom:CFHT/1705561,ivo://cadc.nrc.ca/CFHT?1705561/1705561p,CFHT,1705561.0,1705561p,MegaPrime,40.085000000000015,0.9283,0.0,0.0,0.0,0.0717,0.0
caom:CFHT/1705562,ivo://cadc.nrc.ca/CFHT?1705562/1705562p,CFHT,1705562.0,1705562p,MegaPrime,71.10999999999999,0.8922,0.0,0.0,0.0001,0.1077,0.0
caom:CFHT/1705857,ivo://cadc.nrc.ca/CFHT?1705857/1705857p,CFHT,1705857.0,1705857p,MegaPrime,30.114000000000008,0.8813,0.0,0.0001,0.0,0.1187,0.0
caom:CFHT/1705858,ivo://cadc.nrc.ca/CFHT?1705858/1705858p,CFHT,1705858.0,1705858p,MegaPrime,54.11100000000005,0.8824,0.0,0.0006,0.0001,0.1168,0.0
caom:CFHT/1715038,ivo://cadc.nrc.ca/CFHT?1715038/1715038p,CFHT,1715038.0,1715038p,MegaPrime,30.107999999999965,0.9742,0.0,0.0,0.0,0.0258,0.0
caom:CFHT/1715039,ivo://cadc.nrc.ca/CFHT?1715039/1715039p,CFHT,1715039.0,1715039p,MegaPrime,48.11100000000004,0.9898,0.0,0.0,0.0,0.0102,0.0
caom:CFHT/1715076,ivo://cadc.nrc.ca/CFHT?1715076/1715076p,CFHT,1715076.0,1715076p,MegaPrime,40.09799999999998,0.9084,0.0006,0.0,0.0,0.0909,0.0
caom:CFHT/1715077,ivo://cadc.nrc.ca/CFHT?1715077/1715077p,CFHT,1715077.0,1715077p,MegaPrime,80.08300000000004,0.9263,0.0,0.0,0.0,0.0737,0.0
caom:CFHT/1715079,ivo://cadc.nrc.ca/CFHT?1715079/1715079p,CFHT,1715079.0,1715079p,MegaPrime,82.10399999999996,0.9005,0.0001,0.0003,0.0006,0.0986,0.0
caom:CFHT/1715618,ivo://cadc.nrc.ca/CFHT?1715618/1715618p,CFHT,1715618.0,1715618p,MegaPrime,30.107999999999965,0.8794,0.0,0.0006,0.0,0.12,0.0
caom:CFHT/1715619,ivo://cadc.nrc.ca/CFHT?1715619/1715619p,CFHT,1715619.0,1715619p,MegaPrime,48.11899999999998,0.9386,0.0,0.0001,0.0,0.0613,0.0
caom:CFHT/1715620,ivo://cadc.nrc.ca/CFHT?1715620/1715620p,CFHT,1715620.0,1715620p,MegaPrime,30.101,0.9282,0.0,0.0,0.0,0.0717,0.0
caom:CFHT/1715621,ivo://cadc.nrc.ca/CFHT?1715621/1715621p,CFHT,1715621.0,1715621p,MegaPrime,48.10899999999998,0.9513,0.0,0.0,0.0,0.0487,0.0
caom:CFHT/1715665,ivo://cadc.nrc.ca/CFHT?1715665/1715665p,CFHT,1715665.0,1715665p,MegaPrime,40.113000000000035,0.7454,0.0007,0.0043,0.0845,0.1652,0.0
caom:CFHT/1715666,ivo://cadc.nrc.ca/CFHT?1715666/1715666p,CFHT,1715666.0,1715666p,MegaPrime,88.12199999999996,0.871,0.0001,0.0005,0.0108,0.1176,0.0
caom:CFHT/1715667,ivo://cadc.nrc.ca/CFHT?1715667/1715667p,CFHT,1715667.0,1715667p,MegaPrime,40.115,0.7266,0.0022,0.0094,0.0614,0.2004,0.0
caom:CFHT/1715668,ivo://cadc.nrc.ca/CFHT?1715668/1715668p,CFHT,1715668.0,1715668p,MegaPrime,129.1239999999999,0.4895,0.0003,0.0024,0.3897,0.1181,0.0
caom:CFHT/1716026,ivo://cadc.nrc.ca/CFHT?1716026/1716026p,CFHT,1716026.0,1716026p,MegaPrime,30.145999999999987,0.8364,0.0,0.013000000000000001,0.001,0.1496,0.0
caom:CFHT/1716027,ivo://cadc.nrc.ca/CFHT?1716027/1716027p,CFHT,1716027.0,1716027p,MegaPrime,66.13100000000001,0.8777,0.0004,0.002,0.0106,0.1093,0.0
caom:CFHT/1716028,ivo://cadc.nrc.ca/CFHT?1716028/1716028p,CFHT,1716028.0,1716028p,MegaPrime,30.135999999999985,0.8316,0.0013,0.0144,0.0083,0.1445,0.0
caom:CFHT/1716029,ivo://cadc.nrc.ca/CFHT?1716029/1716029p,CFHT,1716029.0,1716029p,MegaPrime,67.12399999999998,0.9106,0.0,0.0002,0.0208,0.0685,0.0
caom:CFHT/1716288,ivo://cadc.nrc.ca/CFHT?1716288/1716288p,CFHT,1716288.0,1716288p,MegaPrime,30.147000000000013,0.8831,0.0,0.0014,0.0022,0.1132,0.0
caom:CFHT/1716289,ivo://cadc.nrc.ca/CFHT?1716289/1716289p,CFHT,1716289.0,1716289p,MegaPrime,48.13100000000002,0.9641,0.0,0.0,0.0,0.0359,0.0
caom:CFHT/1716290,ivo://cadc.nrc.ca/CFHT?1716290/1716290p,CFHT,1716290.0,1716290p,MegaPrime,30.111,0.9131,0.0,0.0003,0.0,0.0866,0.0
caom:CFHT/1716291,ivo://cadc.nrc.ca/CFHT?1716291/1716291p,CFHT,1716291.0,1716291p,MegaPrime,48.12300000000002,0.9595,0.0,0.0001,0.0,0.0404,0.0
caom:CFHT/1716326,ivo://cadc.nrc.ca/CFHT?1716326/1716326p,CFHT,1716326.0,1716326p,MegaPrime,40.121000000000016,0.8747,0.0002,0.001,0.0001,0.1241,0.0
caom:CFHT/1716327,ivo://cadc.nrc.ca/CFHT?1716327/1716327p,CFHT,1716327.0,1716327p,MegaPrime,84.12600000000005,0.8355,0.0,0.0004,0.0008,0.1633,0.0
caom:CFHT/1716328,ivo://cadc.nrc.ca/CFHT?1716328/1716328p,CFHT,1716328.0,1716328p,MegaPrime,40.115,0.8629,0.0012,0.0071,0.0039,0.1248,0.0
caom:CFHT/1716329,ivo://cadc.nrc.ca/CFHT?1716329/1716329p,CFHT,1716329.0,1716329p,MegaPrime,126.11499999999987,0.8249,0.0011,0.002,0.0084,0.1636,0.0
caom:CFHT/1716641,ivo://cadc.nrc.ca/CFHT?1716641/1716641p,CFHT,1716641.0,1716641p,MegaPrime,30.107999999999965,0.8243,0.0001,0.0065,0.0058,0.1632,0.0
caom:CFHT/1716642,ivo://cadc.nrc.ca/CFHT?1716642/1716642p,CFHT,1716642.0,1716642p,MegaPrime,57.11200000000003,0.9101,0.0,0.0016,0.0068,0.0814,0.0
caom:CFHT/1716643,ivo://cadc.nrc.ca/CFHT?1716643/1716643p,CFHT,1716643.0,1716643p,MegaPrime,30.106999999999974,0.8246,0.0002,0.0031,0.0025,0.1696,0.0
caom:CFHT/1716644,ivo://cadc.nrc.ca/CFHT?1716644/1716644p,CFHT,1716644.0,1716644p,MegaPrime,50.10999999999997,0.9379,0.0,0.0003,0.0,0.0618,0.0
caom:CFHT/1716679,ivo://cadc.nrc.ca/CFHT?1716679/1716679p,CFHT,1716679.0,1716679p,MegaPrime,40.116999999999976,0.9498,0.0,0.0001,0.0,0.0501,0.0
caom:CFHT/1716680,ivo://cadc.nrc.ca/CFHT?1716680/1716680p,CFHT,1716680.0,1716680p,MegaPrime,71.11999999999995,0.9602,0.0,0.0,0.0,0.0398,0.0
caom:CFHT/1716681,ivo://cadc.nrc.ca/CFHT?1716681/1716681p,CFHT,1716681.0,1716681p,MegaPrime,40.115,0.9895,0.0,0.0,0.0,0.0105,0.0
caom:CFHT/1716682,ivo://cadc.nrc.ca/CFHT?1716682/1716682p,CFHT,1716682.0,1716682p,MegaPrime,71.11799999999995,0.9329,0.0,0.0,0.0001,0.067,0.0
caom:CFHT/1717154,ivo://cadc.nrc.ca/CFHT?1717154/1717154p,CFHT,1717154.0,1717154p,MegaPrime,30.13400000000001,0.9024,0.0,0.0015,0.0002,0.0959,0.0
caom:CFHT/1717155,ivo://cadc.nrc.ca/CFHT?1717155/1717155p,CFHT,1717155.0,1717155p,MegaPrime,48.12300000000002,0.9284,0.0,0.0005,0.0001,0.071,0.0
caom:CFHT/1717157,ivo://cadc.nrc.ca/CFHT?1717157/1717157p,CFHT,1717157.0,1717157p,MegaPrime,48.12300000000002,0.9289,0.0001,0.0023,0.0006,0.0681,0.0
caom:CFHT/1717416,ivo://cadc.nrc.ca/CFHT?1717416/1717416p,CFHT,1717416.0,1717416p,MegaPrime,30.123000000000022,0.9895,0.0,0.0001,0.0,0.0105,0.0
caom:CFHT/1717417,ivo://cadc.nrc.ca/CFHT?1717417/1717417p,CFHT,1717417.0,1717417p,MegaPrime,48.10999999999997,0.9921,0.0,0.0001,0.0,0.0078,0.0
caom:CFHT/1717418,ivo://cadc.nrc.ca/CFHT?1717418/1717418p,CFHT,1717418.0,1717418p,MegaPrime,30.101,0.9729,0.0,0.0,0.0,0.0271,0.0
caom:CFHT/1717419,ivo://cadc.nrc.ca/CFHT?1717419/1717419p,CFHT,1717419.0,1717419p,MegaPrime,48.106,0.9917,0.0,0.0,0.0,0.0083,0.0
caom:CFHT/1717454,ivo://cadc.nrc.ca/CFHT?1717454/1717454p,CFHT,1717454.0,1717454p,MegaPrime,40.06500000000003,0.9566,0.0,0.0,0.0,0.0434,0.0
caom:CFHT/1717456,ivo://cadc.nrc.ca/CFHT?1717456/1717456p,CFHT,1717456.0,1717456p,MegaPrime,40.080999999999975,0.9921,0.0,0.0,0.0,0.0079,0.0
caom:CFHT/1717457,ivo://cadc.nrc.ca/CFHT?1717457/1717457p,CFHT,1717457.0,1717457p,MegaPrime,71.07300000000002,0.9783,0.0,0.0,0.0,0.0217,0.0
caom:CFHT/1721816,ivo://cadc.nrc.ca/CFHT?1721816/1721816p,CFHT,1721816.0,1721816p,MegaPrime,30.29999999999998,0.9837,0.0,0.0004,0.0,0.0159,0.0
caom:CFHT/1721817,ivo://cadc.nrc.ca/CFHT?1721817/1721817p,CFHT,1721817.0,1721817p,MegaPrime,48.317,0.9928,0.0,0.0,0.0,0.0072,0.0
caom:CFHT/1721818,ivo://cadc.nrc.ca/CFHT?1721818/1721818p,CFHT,1721818.0,1721818p,MegaPrime,30.316999999999997,0.9766,0.0,0.0,0.0,0.0234,0.0
caom:CFHT/1721819,ivo://cadc.nrc.ca/CFHT?1721819/1721819p,CFHT,1721819.0,1721819p,MegaPrime,48.03299999999997,0.996,0.0,0.0,0.0,0.004,0.0
caom:CFHT/1721854,ivo://cadc.nrc.ca/CFHT?1721854/1721854p,CFHT,1721854.0,1721854p,MegaPrime,40.03299999999997,0.9972,0.0,0.0,0.0,0.0028,0.0
caom:CFHT/1721855,ivo://cadc.nrc.ca/CFHT?1721855/1721855p,CFHT,1721855.0,1721855p,MegaPrime,71.317,0.9912,0.0,0.0001,0.0,0.0087,0.0
caom:CFHT/1722240,ivo://cadc.nrc.ca/CFHT?1722240/1722240p,CFHT,1722240.0,1722240p,MegaPrime,30.316999999999997,0.9553,0.0,0.0001,0.0,0.0446,0.0
caom:CFHT/1722241,ivo://cadc.nrc.ca/CFHT?1722241/1722241p,CFHT,1722241.0,1722241p,MegaPrime,48.317,0.9805,0.0,0.0001,0.0,0.0194,0.0
caom:CFHT/1722242,ivo://cadc.nrc.ca/CFHT?1722242/1722242p,CFHT,1722242.0,1722242p,MegaPrime,30.316999999999997,0.9224,0.0,0.0001,0.0,0.0775,0.0
caom:CFHT/1722243,ivo://cadc.nrc.ca/CFHT?1722243/1722243p,CFHT,1722243.0,1722243p,MegaPrime,48.03299999999997,0.9215,0.0,0.0001,0.0007,0.0776,0.0
caom:CFHT/1722260,ivo://cadc.nrc.ca/CFHT?1722260/1722260p,CFHT,1722260.0,1722260p,MegaPrime,30.316999999999997,0.9322,0.0,0.0,0.0,0.0677,0.0
caom:CFHT/1722261,ivo://cadc.nrc.ca/CFHT?1722261/1722261p,CFHT,1722261.0,1722261p,MegaPrime,48.317,0.993,0.0,0.0,0.0,0.006999999999999999,0.0
caom:CFHT/1722285,ivo://cadc.nrc.ca/CFHT?1722285/1722285p,CFHT,1722285.0,1722285p,MegaPrime,40.317,0.925,0.0,0.0,0.0001,0.0749,0.0
caom:CFHT/1722286,ivo://cadc.nrc.ca/CFHT?1722286/1722286p,CFHT,1722286.0,1722286p,MegaPrime,71.03299999999996,0.9559,0.0001,0.0001,0.0003,0.0436,0.0
caom:CFHT/1722287,ivo://cadc.nrc.ca/CFHT?1722287/1722287p,CFHT,1722287.0,1722287p,MegaPrime,40.317,0.9773,0.0,0.0,0.0,0.0227,0.0
caom:CFHT/1722288,ivo://cadc.nrc.ca/CFHT?1722288/1722288p,CFHT,1722288.0,1722288p,MegaPrime,71.317,0.9790000000000001,0.0,0.0,0.0,0.021,0.0
caom:CFHT/1722605,ivo://cadc.nrc.ca/CFHT?1722605/1722605p,CFHT,1722605.0,1722605p,MegaPrime,30.09799999999998,0.9865,0.0,0.0,0.0,0.0135,0.0
caom:CFHT/1722606,ivo://cadc.nrc.ca/CFHT?1722606/1722606p,CFHT,1722606.0,1722606p,MegaPrime,48.106,0.9890000000000001,0.0,0.0,0.0,0.011000000000000001,0.0
caom:CFHT/1722608,ivo://cadc.nrc.ca/CFHT?1722608/1722608p,CFHT,1722608.0,1722608p,MegaPrime,48.09999999999997,0.9906,0.0,0.0,0.0,0.0094,0.0
caom:CFHT/1722644,ivo://cadc.nrc.ca/CFHT?1722644/1722644p,CFHT,1722644.0,1722644p,MegaPrime,71.09299999999998,0.9966,0.0,0.0,0.0,0.0034,0.0
caom:CFHT/1722645,ivo://cadc.nrc.ca/CFHT?1722645/1722645p,CFHT,1722645.0,1722645p,MegaPrime,40.082000000000036,0.9937,0.0,0.0,0.0,0.0063,0.0
caom:CFHT/1722994,ivo://cadc.nrc.ca/CFHT?1722994/1722994p,CFHT,1722994.0,1722994p,MegaPrime,30.11199999999999,0.9386,0.0,0.0001,0.0,0.0613,0.0
caom:CFHT/1722995,ivo://cadc.nrc.ca/CFHT?1722995/1722995p,CFHT,1722995.0,1722995p,MegaPrime,48.10999999999997,0.98,0.0,0.0,0.0,0.02,0.0
caom:CFHT/1722996,ivo://cadc.nrc.ca/CFHT?1722996/1722996p,CFHT,1722996.0,1722996p,MegaPrime,30.120999999999995,0.9279999999999999,0.0,0.0001,0.0,0.0719,0.0
caom:CFHT/1722997,ivo://cadc.nrc.ca/CFHT?1722997/1722997p,CFHT,1722997.0,1722997p,MegaPrime,48.125,0.9864,0.0,0.0,0.0,0.0136,0.0
caom:CFHT/1723037,ivo://cadc.nrc.ca/CFHT?1723037/1723037p,CFHT,1723037.0,1723037p,MegaPrime,40.09799999999998,0.9547,0.0,0.0,0.0,0.0453,0.0
caom:CFHT/1723038,ivo://cadc.nrc.ca/CFHT?1723038/1723038p,CFHT,1723038.0,1723038p,MegaPrime,71.10300000000002,0.9491,0.0001,0.0005,0.0002,0.0501,0.0
caom:CFHT/1723039,ivo://cadc.nrc.ca/CFHT?1723039/1723039p,CFHT,1723039.0,1723039p,MegaPrime,40.09500000000003,0.977,0.0,0.0,0.0,0.023,0.0
caom:CFHT/1723351,ivo://cadc.nrc.ca/CFHT?1723351/1723351p,CFHT,1723351.0,1723351p,MegaPrime,30.11199999999999,0.945,0.0,0.0,0.0,0.055,0.0
caom:CFHT/1723352,ivo://cadc.nrc.ca/CFHT?1723352/1723352p,CFHT,1723352.0,1723352p,MegaPrime,48.106,0.9153,0.0,0.0,0.0002,0.0845,0.0
caom:CFHT/1723353,ivo://cadc.nrc.ca/CFHT?1723353/1723353p,CFHT,1723353.0,1723353p,MegaPrime,30.11000000000001,0.9231,0.0,0.0007,0.0007,0.0755,0.0
caom:CFHT/1723354,ivo://cadc.nrc.ca/CFHT?1723354/1723354p,CFHT,1723354.0,1723354p,MegaPrime,49.103000000000016,0.9491,0.0,0.0,0.0002,0.0507,0.0
caom:CFHT/1723721,ivo://cadc.nrc.ca/CFHT?1723721/1723721p,CFHT,1723721.0,1723721p,MegaPrime,30.107999999999965,0.9348,0.0,0.0001,0.0,0.0651,0.0
caom:CFHT/1723722,ivo://cadc.nrc.ca/CFHT?1723722/1723722p,CFHT,1723722.0,1723722p,MegaPrime,52.11400000000002,0.9423,0.0,0.0,0.0,0.0576,0.0
caom:CFHT/1723723,ivo://cadc.nrc.ca/CFHT?1723723/1723723p,CFHT,1723723.0,1723723p,MegaPrime,30.09500000000002,0.9384,0.0,0.0,0.0,0.0616,0.0
caom:CFHT/1787059,ivo://cadc.nrc.ca/CFHT?1787059/1787059p,CFHT,1787059.0,1787059p,MegaPrime,30.316999999999997,0.7791,0.0,0.006,0.0002,0.2146,0.0
caom:CFHT/1787060,ivo://cadc.nrc.ca/CFHT?1787060/1787060p,CFHT,1787060.0,1787060p,MegaPrime,74.317,0.8947,0.0003,0.0094,0.0012,0.0944,0.0
caom:CFHT/1787061,ivo://cadc.nrc.ca/CFHT?1787061/1787061p,CFHT,1787061.0,1787061p,MegaPrime,30.316999999999997,0.7962,0.0,0.0024,0.0051,0.1964,0.0
caom:CFHT/1787062,ivo://cadc.nrc.ca/CFHT?1787062/1787062p,CFHT,1787062.0,1787062p,MegaPrime,53.03299999999996,0.8855,0.0004,0.0088,0.0038,0.1015,0.0
caom:CFHT/1790514,ivo://cadc.nrc.ca/CFHT?1790514/1790514p,CFHT,1790514.0,1790514p,MegaPrime,30.150999999999996,0.9312,0.0023,0.0088,0.0075,0.0502,0.0
caom:CFHT/1790515,ivo://cadc.nrc.ca/CFHT?1790515/1790515p,CFHT,1790515.0,1790515p,MegaPrime,48.15200000000003,0.9321,0.0035,0.0321,0.0054,0.0269,0.0
caom:CFHT/1790516,ivo://cadc.nrc.ca/CFHT?1790516/1790516p,CFHT,1790516.0,1790516p,MegaPrime,30.15,0.9361,0.0017,0.0089,0.0022,0.0511,0.0
caom:CFHT/1790517,ivo://cadc.nrc.ca/CFHT?1790517/1790517p,CFHT,1790517.0,1790517p,MegaPrime,48.144,0.9226,0.0018,0.0296,0.0022,0.0438,0.0
caom:CFHT/1790689,ivo://cadc.nrc.ca/CFHT?1790689/1790689p,CFHT,1790689.0,1790689p,MegaPrime,30.141,0.9067,0.0002,0.0137,0.0002,0.0793,0.0
caom:CFHT/1790690,ivo://cadc.nrc.ca/CFHT?1790690/1790690p,CFHT,1790690.0,1790690p,MegaPrime,30.14599999999998,0.9214,0.0,0.0015,0.0002,0.0769,0.0
caom:CFHT/1795235,ivo://cadc.nrc.ca/CFHT?1795235/1795235p,CFHT,1795235.0,1795235p,MegaPrime,30.161000000000037,0.7554,0.0073,0.027000000000000003,0.0119,0.1984,0.0
caom:CFHT/1795236,ivo://cadc.nrc.ca/CFHT?1795236/1795236p,CFHT,1795236.0,1795236p,MegaPrime,142.17900000000006,0.8436,0.0017,0.0195,0.006,0.1292,0.0
caom:CFHT/1795237,ivo://cadc.nrc.ca/CFHT?1795237/1795237p,CFHT,1795237.0,1795237p,MegaPrime,30.163000000000004,0.742,0.0063,0.0333,0.01,0.2083,0.0
caom:CFHT/1795238,ivo://cadc.nrc.ca/CFHT?1795238/1795238p,CFHT,1795238.0,1795238p,MegaPrime,117.167,0.7897,0.0029,0.0172,0.0107,0.1795,0.0
caom:CFHT/1796429,ivo://cadc.nrc.ca/CFHT?1796429/1796429p,CFHT,1796429.0,1796429p,MegaPrime,30.125,0.2315,0.0013,0.0136,0.5526,0.201,0.0
caom:CFHT/1796430,ivo://cadc.nrc.ca/CFHT?1796430/1796430p,CFHT,1796430.0,1796430p,MegaPrime,110.13299999999992,0.2086,0.0102,0.0321,0.6875,0.0616,0.0
caom:CFHT/1796431,ivo://cadc.nrc.ca/CFHT?1796431/1796431p,CFHT,1796431.0,1796431p,MegaPrime,30.11900000000001,0.4251,0.0023,0.0101,0.2748,0.2877,0.0
caom:CFHT/1796432,ivo://cadc.nrc.ca/CFHT?1796432/1796432p,CFHT,1796432.0,1796432p,MegaPrime,131.13199999999995,0.7119,0.0123,0.0332,0.1844,0.0582,0.0
caom:CFHT/1796534,ivo://cadc.nrc.ca/CFHT?1796534/1796534p,CFHT,1796534.0,1796534p,MegaPrime,30.14899999999999,0.5979,0.0022,0.0207,0.1435,0.2357,0.0
caom:CFHT/1796535,ivo://cadc.nrc.ca/CFHT?1796535/1796535p,CFHT,1796535.0,1796535p,MegaPrime,53.14100000000003,0.8563,0.0058,0.0362,0.0087,0.09300000000000001,0.0
caom:CFHT/1796536,ivo://cadc.nrc.ca/CFHT?1796536/1796536p,CFHT,1796536.0,1796536p,MegaPrime,30.15,0.8431,0.0009,0.0183,0.0016,0.1361,0.0
caom:CFHT/1796553,ivo://cadc.nrc.ca/CFHT?1796553/1796553p,CFHT,1796553.0,1796553p,MegaPrime,30.130000000000013,0.845,0.0002,0.0033,0.0003,0.1513,0.0
caom:CFHT/1805215,ivo://cadc.nrc.ca/CFHT?1805215/1805215p,CFHT,1805215.0,1805215p,MegaPrime,30.133000000000013,0.8689,0.0003,0.002,0.0021,0.1267,0.0
caom:CFHT/1805216,ivo://cadc.nrc.ca/CFHT?1805216/1805216p,CFHT,1805216.0,1805216p,MegaPrime,48.13799999999997,0.8957,0.0021,0.0286,0.0029,0.0707,0.0
caom:CFHT/1805217,ivo://cadc.nrc.ca/CFHT?1805217/1805217p,CFHT,1805217.0,1805217p,MegaPrime,30.141,0.8517,0.0,0.0159,0.0002,0.1321,0.0
caom:CFHT/1805218,ivo://cadc.nrc.ca/CFHT?1805218/1805218p,CFHT,1805218.0,1805218p,MegaPrime,63.14000000000001,0.8809999999999999,0.0057,0.0301,0.0089,0.0743,0.0
caom:CFHT/1805251,ivo://cadc.nrc.ca/CFHT?1805251/1805251p,CFHT,1805251.0,1805251p,MegaPrime,40.144,0.8037,0.0058,0.0357,0.0092,0.1455,0.0
caom:CFHT/1805252,ivo://cadc.nrc.ca/CFHT?1805252/1805252p,CFHT,1805252.0,1805252p,MegaPrime,122.14699999999996,0.8033,0.0063,0.0178,0.0106,0.162,0.0
caom:CFHT/1805253,ivo://cadc.nrc.ca/CFHT?1805253/1805253p,CFHT,1805253.0,1805253p,MegaPrime,40.125999999999976,0.8171,0.003,0.0244,0.0049,0.1506,0.0
caom:CFHT/1805254,ivo://cadc.nrc.ca/CFHT?1805254/1805254p,CFHT,1805254.0,1805254p,MegaPrime,128.13100000000003,0.764,0.0043,0.0099,0.0098,0.212,0.0
caom:CFHT/1805603,ivo://cadc.nrc.ca/CFHT?1805603/1805603p,CFHT,1805603.0,1805603p,MegaPrime,30.141,0.9186,0.0004,0.006999999999999999,0.0005,0.0736,0.0
caom:CFHT/1805604,ivo://cadc.nrc.ca/CFHT?1805604/1805604p,CFHT,1805604.0,1805604p,MegaPrime,48.13100000000003,0.9221,0.0022,0.0303,0.0015,0.0438,0.0
caom:CFHT/1805605,ivo://cadc.nrc.ca/CFHT?1805605/1805605p,CFHT,1805605.0,1805605p,MegaPrime,30.13400000000001,0.9246,0.001,0.0095,0.0012,0.0637,0.0
caom:CFHT/1805606,ivo://cadc.nrc.ca/CFHT?1805606/1805606p,CFHT,1805606.0,1805606p,MegaPrime,48.136999999999965,0.9258,0.0026,0.0204,0.004,0.0472,0.0
caom:CFHT/1805641,ivo://cadc.nrc.ca/CFHT?1805641/1805641p,CFHT,1805641.0,1805641p,MegaPrime,40.11599999999999,0.4842,0.0081,0.0293,0.0672,0.4112,0.0
caom:CFHT/1805642,ivo://cadc.nrc.ca/CFHT?1805642/1805642p,CFHT,1805642.0,1805642p,MegaPrime,240.13600000000028,0.4715,0.0002,0.0008,0.0819,0.4456,0.0
caom:CFHT/1805643,ivo://cadc.nrc.ca/CFHT?1805643/1805643p,CFHT,1805643.0,1805643p,MegaPrime,40.13200000000001,0.6892,0.0039,0.0182,0.0109,0.2778,0.0
caom:CFHT/1805644,ivo://cadc.nrc.ca/CFHT?1805644/1805644p,CFHT,1805644.0,1805644p,MegaPrime,240.15800000000004,0.5,0.0,0.0001,0.0025,0.4974,0.0
caom:CFHT/1806469,ivo://cadc.nrc.ca/CFHT?1806469/1806469p,CFHT,1806469.0,1806469p,MegaPrime,30.14499999999999,0.7987,0.0003,0.0177,0.0011,0.1822,0.0
caom:CFHT/1806470,ivo://cadc.nrc.ca/CFHT?1806470/1806470p,CFHT,1806470.0,1806470p,MegaPrime,66.13799999999996,0.8885,0.0075,0.0308,0.0095,0.0636,0.0
caom:CFHT/1806471,ivo://cadc.nrc.ca/CFHT?1806471/1806471p,CFHT,1806471.0,1806471p,MegaPrime,30.141,0.8424,0.0013,0.0124,0.0031,0.1408,0.0
caom:CFHT/1806472,ivo://cadc.nrc.ca/CFHT?1806472/1806472p,CFHT,1806472.0,1806472p,MegaPrime,68.14000000000001,0.8753,0.0081,0.0314,0.0126,0.0726,0.0
caom:CFHT/1814367,ivo://cadc.nrc.ca/CFHT?1814367/1814367p,CFHT,1814367.0,1814367p,MegaPrime,30.071999999999985,0.8123,0.004,0.0681,0.0011,0.1145,0.0
caom:CFHT/1814368,ivo://cadc.nrc.ca/CFHT?1814368/1814368p,CFHT,1814368.0,1814368p,MegaPrime,62.08300000000004,0.8671,0.0054,0.0425,0.0031,0.0819,0.0
caom:CFHT/1814369,ivo://cadc.nrc.ca/CFHT?1814369/1814369p,CFHT,1814369.0,1814369p,MegaPrime,30.09699999999999,0.7399,0.001,0.0265,0.0095,0.2231,0.0
caom:CFHT/1814370,ivo://cadc.nrc.ca/CFHT?1814370/1814370p,CFHT,1814370.0,1814370p,MegaPrime,68.07900000000002,0.8588,0.0052,0.0371,0.0186,0.0804,0.0
caom:CFHT/1814925,ivo://cadc.nrc.ca/CFHT?1814925/1814925p,CFHT,1814925.0,1814925p,MegaPrime,30.09699999999999,0.8320000000000001,0.0006,0.0105,0.0019,0.1551,0.0
caom:CFHT/1814926,ivo://cadc.nrc.ca/CFHT?1814926/1814926p,CFHT,1814926.0,1814926p,MegaPrime,53.09500000000001,0.9003,0.0031,0.0365,0.0036,0.0566,0.0
caom:CFHT/1814927,ivo://cadc.nrc.ca/CFHT?1814927/1814927p,CFHT,1814927.0,1814927p,MegaPrime,30.096,0.8525,0.0003,0.0126,0.0012,0.1334,0.0
caom:CFHT/1814928,ivo://cadc.nrc.ca/CFHT?1814928/1814928p,CFHT,1814928.0,1814928p,MegaPrime,55.09999999999997,0.841,0.0062,0.0381,0.0312,0.0835,0.0
caom:CFHT/1819579,ivo://cadc.nrc.ca/CFHT?1819579/1819579p,CFHT,1819579.0,1819579p,MegaPrime,30.115999999999996,0.9272,0.0002,0.0089,0.0009,0.0628,0.0
caom:CFHT/1819580,ivo://cadc.nrc.ca/CFHT?1819580/1819580p,CFHT,1819580.0,1819580p,MegaPrime,48.13300000000002,0.9288,0.0023,0.0227,0.0018,0.0445,0.0
caom:CFHT/1819581,ivo://cadc.nrc.ca/CFHT?1819581/1819581p,CFHT,1819581.0,1819581p,MegaPrime,30.128000000000004,0.9229999999999999,0.0003,0.0098,0.0002,0.0667,0.0
caom:CFHT/1819615,ivo://cadc.nrc.ca/CFHT?1819615/1819615p,CFHT,1819615.0,1819615p,MegaPrime,64.12199999999999,0.9191,0.0042,0.0145,0.0088,0.0535,0.0
caom:CFHT/1819616,ivo://cadc.nrc.ca/CFHT?1819616/1819616p,CFHT,1819616.0,1819616p,MegaPrime,40.122000000000014,0.8144,0.0044,0.0946,0.0057,0.081,0.0
caom:CFHT/1819617,ivo://cadc.nrc.ca/CFHT?1819617/1819617p,CFHT,1819617.0,1819617p,MegaPrime,64.12199999999999,0.9194,0.0067,0.0317,0.0093,0.033,0.0
caom:CFHT/1819988,ivo://cadc.nrc.ca/CFHT?1819988/1819988p,CFHT,1819988.0,1819988p,MegaPrime,30.096,0.8491,0.0001,0.0012,0.0009,0.1487,0.0
caom:CFHT/1819989,ivo://cadc.nrc.ca/CFHT?1819989/1819989p,CFHT,1819989.0,1819989p,MegaPrime,48.09699999999999,0.8858,0.0008,0.0127,0.0042,0.0965,0.0
caom:CFHT/1819990,ivo://cadc.nrc.ca/CFHT?1819990/1819990p,CFHT,1819990.0,1819990p,MegaPrime,30.085000000000008,0.8252,0.0016,0.0097,0.0046,0.1589,0.0
caom:CFHT/1819991,ivo://cadc.nrc.ca/CFHT?1819991/1819991p,CFHT,1819991.0,1819991p,MegaPrime,48.09099999999995,0.8884,0.0029,0.0292,0.0038,0.0756,0.0
caom:CFHT/1820138,ivo://cadc.nrc.ca/CFHT?1820138/1820138p,CFHT,1820138.0,1820138p,MegaPrime,40.11999999999996,0.8118,0.0052,0.0561,0.0104,0.1166,0.0
caom:CFHT/1820139,ivo://cadc.nrc.ca/CFHT?1820139/1820139p,CFHT,1820139.0,1820139p,MegaPrime,76.125,0.8652,0.0107,0.0305,0.0178,0.0758,0.0
caom:CFHT/1820140,ivo://cadc.nrc.ca/CFHT?1820140/1820140p,CFHT,1820140.0,1820140p,MegaPrime,40.136999999999965,0.902,0.0022,0.0145,0.0031,0.0781,0.0
caom:CFHT/1820141,ivo://cadc.nrc.ca/CFHT?1820141/1820141p,CFHT,1820141.0,1820141p,MegaPrime,73.125,0.8502,0.0106,0.0304,0.0189,0.0899,0.0
caom:CFHT/1820855,ivo://cadc.nrc.ca/CFHT?1820855/1820855p,CFHT,1820855.0,1820855p,MegaPrime,30.14700000000001,0.8682,0.0001,0.0019,0.0012,0.1285,0.0
caom:CFHT/1820856,ivo://cadc.nrc.ca/CFHT?1820856/1820856p,CFHT,1820856.0,1820856p,MegaPrime,48.144,0.9037,0.0023,0.0239,0.0041,0.066,0.0
caom:CFHT/1820857,ivo://cadc.nrc.ca/CFHT?1820857/1820857p,CFHT,1820857.0,1820857p,MegaPrime,30.133000000000013,0.8597,0.0006,0.0088,0.002,0.1289,0.0
caom:CFHT/1820858,ivo://cadc.nrc.ca/CFHT?1820858/1820858p,CFHT,1820858.0,1820858p,MegaPrime,48.148999999999965,0.8764,0.0009,0.0113,0.0095,0.1018,0.0
caom:CFHT/1821201,ivo://cadc.nrc.ca/CFHT?1821201/1821201p,CFHT,1821201.0,1821201p,MegaPrime,40.11899999999999,0.927,0.0024,0.0137,0.0052,0.0517,0.0
caom:CFHT/1821202,ivo://cadc.nrc.ca/CFHT?1821202/1821202p,CFHT,1821202.0,1821202p,MegaPrime,64.13299999999998,0.9224,0.0081,0.0338,0.0123,0.0234,0.0
caom:CFHT/1821203,ivo://cadc.nrc.ca/CFHT?1821203/1821203p,CFHT,1821203.0,1821203p,MegaPrime,40.124000000000024,0.9469,0.001,0.0085,0.0015,0.0421,0.0
caom:CFHT/1821204,ivo://cadc.nrc.ca/CFHT?1821204/1821204p,CFHT,1821204.0,1821204p,MegaPrime,64.13299999999998,0.9185,0.0088,0.0341,0.0127,0.0259,0.0
caom:CFHT/1821491,ivo://cadc.nrc.ca/CFHT?1821491/1821491p,CFHT,1821491.0,1821491p,MegaPrime,40.116999999999976,0.9204,0.0061,0.0243,0.0094,0.0399,0.0
caom:CFHT/1821492,ivo://cadc.nrc.ca/CFHT?1821492/1821492p,CFHT,1821492.0,1821492p,MegaPrime,64.11200000000004,0.9259,0.0081,0.0238,0.0128,0.0295,0.0
caom:CFHT/1821493,ivo://cadc.nrc.ca/CFHT?1821493/1821493p,CFHT,1821493.0,1821493p,MegaPrime,40.093000000000025,0.9312,0.0049,0.0285,0.0063,0.0291,0.0
caom:CFHT/1821494,ivo://cadc.nrc.ca/CFHT?1821494/1821494p,CFHT,1821494.0,1821494p,MegaPrime,64.10300000000004,0.9211,0.0072,0.0349,0.0101,0.0267,0.0
caom:CFHT/1821529,ivo://cadc.nrc.ca/CFHT?1821529/1821529p,CFHT,1821529.0,1821529p,MegaPrime,30.03700000000001,0.9002,0.0007,0.0302,0.0006,0.0683,0.0
caom:CFHT/1821530,ivo://cadc.nrc.ca/CFHT?1821530/1821530p,CFHT,1821530.0,1821530p,MegaPrime,48.05600000000002,0.8885,0.0018,0.0403,0.0022,0.0672,0.0
caom:CFHT/1821531,ivo://cadc.nrc.ca/CFHT?1821531/1821531p,CFHT,1821531.0,1821531p,MegaPrime,30.046000000000035,0.8576,0.0003,0.0705,0.0003,0.0713,0.0
caom:CFHT/1821532,ivo://cadc.nrc.ca/CFHT?1821532/1821532p,CFHT,1821532.0,1821532p,MegaPrime,48.05299999999996,0.9156,0.0008,0.0295,0.0005,0.0536,0.0
caom:CFHT/1891173,ivo://cadc.nrc.ca/CFHT?1891173/1891173p,CFHT,1891173.0,1891173p,MegaPrime,30.08299999999999,0.8503,0.0037,0.0118,0.0084,0.1258,0.0
caom:CFHT/1891174,ivo://cadc.nrc.ca/CFHT?1891174/1891174p,CFHT,1891174.0,1891174p,MegaPrime,54.07500000000002,0.8834,0.0048,0.0188,0.0109,0.08199999999999999,0.0
caom:CFHT/1891175,ivo://cadc.nrc.ca/CFHT?1891175/1891175p,CFHT,1891175.0,1891175p,MegaPrime,30.08600000000001,0.8679,0.0009,0.0079,0.0041,0.1192,0.0
caom:CFHT/1891176,ivo://cadc.nrc.ca/CFHT?1891176/1891176p,CFHT,1891176.0,1891176p,MegaPrime,54.07099999999997,0.8849,0.0044,0.0251,0.0082,0.0773,0.0
caom:CFHT/1891217,ivo://cadc.nrc.ca/CFHT?1891217/1891217p,CFHT,1891217.0,1891217p,MegaPrime,72.11200000000005,0.8994,0.0047,0.0001,0.0,0.0959,0.0
caom:CFHT/1891218,ivo://cadc.nrc.ca/CFHT?1891218/1891218p,CFHT,1891218.0,1891218p,MegaPrime,40.09400000000004,0.976,0.0,0.0,0.0,0.024,0.0
caom:CFHT/1894360,ivo://cadc.nrc.ca/CFHT?1894360/1894360p,CFHT,1894360.0,1894360p,MegaPrime,40.13300000000002,0.9086,0.0031,0.0088,0.0072,0.0724,0.0
caom:CFHT/1894361,ivo://cadc.nrc.ca/CFHT?1894361/1894361p,CFHT,1894361.0,1894361p,MegaPrime,98.13200000000003,0.8804,0.008,0.0357,0.0095,0.0663,0.0
caom:CFHT/1894362,ivo://cadc.nrc.ca/CFHT?1894362/1894362p,CFHT,1894362.0,1894362p,MegaPrime,40.11999999999996,0.9227,0.0028,0.0099,0.0058,0.0588,0.0
caom:CFHT/1894363,ivo://cadc.nrc.ca/CFHT?1894363/1894363p,CFHT,1894363.0,1894363p,MegaPrime,97.12600000000008,0.8708,0.0072,0.0354,0.0099,0.0767,0.0
caom:CFHT/1916620,ivo://cadc.nrc.ca/CFHT?1916620/1916620p,CFHT,1916620.0,1916620p,MegaPrime,40.11899999999999,0.9201,0.0,0.0001,0.0,0.0797,0.0
caom:CFHT/1916622,ivo://cadc.nrc.ca/CFHT?1916622/1916622p,CFHT,1916622.0,1916622p,MegaPrime,40.13400000000001,0.9062,0.0,0.0002,0.0,0.0936,0.0
caom:CFHT/1916623,ivo://cadc.nrc.ca/CFHT?1916623/1916623p,CFHT,1916623.0,1916623p,MegaPrime,252.1499999999998,0.6412,0.0,0.0,0.0001,0.3587,0.0
caom:CFHT/1919272,ivo://cadc.nrc.ca/CFHT?1919272/1919272p,CFHT,1919272.0,1919272p,MegaPrime,40.157999999999966,0.8809999999999999,0.0,0.0021,0.0001,0.1168,0.0
caom:CFHT/1919274,ivo://cadc.nrc.ca/CFHT?1919274/1919274p,CFHT,1919274.0,1919274p,MegaPrime,40.159000000000034,0.9415,0.0,0.0002,0.0,0.0584,0.0
caom:CFHT/1919324,ivo://cadc.nrc.ca/CFHT?1919324/1919324p,CFHT,1919324.0,1919324p,MegaPrime,30.133000000000013,0.8177,0.0002,0.0046,0.0235,0.154,0.0
caom:CFHT/1919325,ivo://cadc.nrc.ca/CFHT?1919325/1919325p,CFHT,1919325.0,1919325p,MegaPrime,77.12600000000006,0.9193,0.0,0.0011,0.0228,0.0568,0.0
caom:CFHT/1925540,ivo://cadc.nrc.ca/CFHT?1925540/1925540p,CFHT,1925540.0,1925540p,MegaPrime,30.113000000000035,0.9099,0.0,0.0004,0.0,0.0897,0.0
caom:CFHT/1925541,ivo://cadc.nrc.ca/CFHT?1925541/1925541p,CFHT,1925541.0,1925541p,MegaPrime,40.10699999999998,0.9481,0.0,0.0001,0.0,0.0517,0.0
caom:CFHT/1925580,ivo://cadc.nrc.ca/CFHT?1925580/1925580p,CFHT,1925580.0,1925580p,MegaPrime,40.136999999999965,0.9177,0.0002,0.0001,0.0,0.0819,0.0
caom:CFHT/1925581,ivo://cadc.nrc.ca/CFHT?1925581/1925581p,CFHT,1925581.0,1925581p,MegaPrime,189.1490000000001,0.8027,0.0,0.0,0.0019,0.1953,0.0
caom:CFHT/1928110,ivo://cadc.nrc.ca/CFHT?1928110/1928110p,CFHT,1928110.0,1928110p,MegaPrime,30.109,0.9588,0.0,0.0,0.0,0.0412,0.0
caom:CFHT/1928111,ivo://cadc.nrc.ca/CFHT?1928111/1928111p,CFHT,1928111.0,1928111p,MegaPrime,65.12100000000005,0.9853,0.0,0.0,0.0,0.0147,0.0
caom:CFHT/1928150,ivo://cadc.nrc.ca/CFHT?1928150/1928150p,CFHT,1928150.0,1928150p,MegaPrime,40.13000000000004,0.9552,0.0163,0.0,0.0,0.0285,0.0
caom:CFHT/1928151,ivo://cadc.nrc.ca/CFHT?1928151/1928151p,CFHT,1928151.0,1928151p,MegaPrime,205.16099999999997,0.8164,0.0,0.0,0.0,0.1836,0.0
caom:CFHT/1937484,ivo://cadc.nrc.ca/CFHT?1937484/1937484p,CFHT,1937484.0,1937484p,MegaPrime,9.074999999999994,0.8686,0.0049,0.0758,0.0155,0.0352,0.0
caom:CFHT/1937485,ivo://cadc.nrc.ca/CFHT?1937485/1937485p,CFHT,1937485.0,1937485p,MegaPrime,9.074999999999994,0.8821,0.0062,0.07,0.011000000000000001,0.0307,0.0
caom:CFHT/1937486,ivo://cadc.nrc.ca/CFHT?1937486/1937486p,CFHT,1937486.0,1937486p,MegaPrime,9.074000000000009,0.8538,0.004,0.1001,0.0066,0.0356,0.0
caom:CFHT/1937502,ivo://cadc.nrc.ca/CFHT?1937502/1937502p,CFHT,1937502.0,1937502p,MegaPrime,9.067000000000004,0.7971,0.0095,0.133,0.0248,0.0356,0.0
caom:CFHT/1937503,ivo://cadc.nrc.ca/CFHT?1937503/1937503p,CFHT,1937503.0,1937503p,MegaPrime,9.065,0.8211,0.0074,0.1274,0.0149,0.0292,0.0
caom:CFHT/1937504,ivo://cadc.nrc.ca/CFHT?1937504/1937504p,CFHT,1937504.0,1937504p,MegaPrime,9.064000000000004,0.8396,0.0104,0.1078,0.018000000000000002,0.0242,0.0
caom:CFHT/1937569,ivo://cadc.nrc.ca/CFHT?1937569/1937569p,CFHT,1937569.0,1937569p,MegaPrime,40.12899999999998,0.9418,0.0,0.0005,0.0,0.0577,0.0
caom:CFHT/1937571,ivo://cadc.nrc.ca/CFHT?1937571/1937571p,CFHT,1937571.0,1937571p,MegaPrime,40.12899999999998,0.9291,0.0,0.0004,0.0,0.0706,0.0
caom:CFHT/1937788,ivo://cadc.nrc.ca/CFHT?1937788/1937788p,CFHT,1937788.0,1937788p,MegaPrime,9.098000000000008,0.758,0.0064,0.1904,0.012,0.0332,0.0
caom:CFHT/1937789,ivo://cadc.nrc.ca/CFHT?1937789/1937789p,CFHT,1937789.0,1937789p,MegaPrime,9.086999999999994,0.6918,0.0065,0.2536,0.0114,0.0366,0.0
caom:CFHT/1937790,ivo://cadc.nrc.ca/CFHT?1937790/1937790p,CFHT,1937790.0,1937790p,MegaPrime,9.08600000000001,0.6779999999999999,0.0066,0.2707,0.0111,0.0336,0.0
caom:CFHT/1938516,ivo://cadc.nrc.ca/CFHT?1938516/1938516p,CFHT,1938516.0,1938516p,MegaPrime,30.09699999999999,0.995,0.0,0.0,0.0,0.005,0.0
caom:CFHT/1942578,ivo://cadc.nrc.ca/CFHT?1942578/1942578p,CFHT,1942578.0,1942578p,MegaPrime,30.128000000000004,0.6395,0.0006,0.0085,0.1583,0.1931,0.0
caom:CFHT/1942689,ivo://cadc.nrc.ca/CFHT?1942689/1942689p,CFHT,1942689.0,1942689p,MegaPrime,40.13000000000004,0.5857,0.0027,0.0114,0.1776,0.2226,0.0
caom:CFHT/2079176,ivo://cadc.nrc.ca/CFHT?2079176/2079176p,CFHT,2079176.0,2079176p,MegaPrime,29.135,0.71,0.001,0.006999999999999999,0.0547,0.2273,0.0
caom:CFHT/2079177,ivo://cadc.nrc.ca/CFHT?2079177/2079177p,CFHT,2079177.0,2079177p,MegaPrime,56.13500000000001,0.3034,0.0007,0.0035,0.6002,0.0923,0.0
caom:CFHT/2079178,ivo://cadc.nrc.ca/CFHT?2079178/2079178p,CFHT,2079178.0,2079178p,MegaPrime,29.13899999999999,0.35600000000000004,0.0013,0.0095,0.4417,0.1915,0.0
caom:CFHT/2079179,ivo://cadc.nrc.ca/CFHT?2079179/2079179p,CFHT,2079179.0,2079179p,MegaPrime,61.123000000000026,0.4466,0.0006,0.0048,0.4412,0.1067,0.0
caom:CFHT/2079407,ivo://cadc.nrc.ca/CFHT?2079407/2079407p,CFHT,2079407.0,2079407p,MegaPrime,29.15900000000001,0.8956,0.0,0.0009,0.0004,0.1032,0.0
caom:CFHT/2079408,ivo://cadc.nrc.ca/CFHT?2079408/2079408p,CFHT,2079408.0,2079408p,MegaPrime,40.15499999999997,0.9023,0.0,0.0002,0.0001,0.0974,0.0
caom:CFHT/2079409,ivo://cadc.nrc.ca/CFHT?2079409/2079409p,CFHT,2079409.0,2079409p,MegaPrime,29.17200000000002,0.9025,0.0,0.0001,0.0002,0.0973,0.0
caom:CFHT/2079410,ivo://cadc.nrc.ca/CFHT?2079410/2079410p,CFHT,2079410.0,2079410p,MegaPrime,42.160000000000025,0.9322,0.0,0.0005,0.0,0.0673,0.0
caom:CFHT/2086349,ivo://cadc.nrc.ca/CFHT?2086349/2086349p,CFHT,2086349.0,2086349p,MegaPrime,29.118000000000013,0.8525,0.0,0.0005,0.0001,0.1468,0.0
caom:CFHT/2086350,ivo://cadc.nrc.ca/CFHT?2086350/2086350p,CFHT,2086350.0,2086350p,MegaPrime,59.126999999999974,0.8852,0.0001,0.0026,0.0012,0.1109,0.0
caom:CFHT/2086351,ivo://cadc.nrc.ca/CFHT?2086351/2086351p,CFHT,2086351.0,2086351p,MegaPrime,29.116999999999987,0.8203,0.0001,0.0032,0.0069,0.1695,0.0
caom:CFHT/2086352,ivo://cadc.nrc.ca/CFHT?2086352/2086352p,CFHT,2086352.0,2086352p,MegaPrime,76.12399999999994,0.8881,0.0001,0.0003,0.0204,0.0912,0.0
caom:CFHT/2087748,ivo://cadc.nrc.ca/CFHT?2087748/2087748p,CFHT,2087748.0,2087748p,MegaPrime,29.092,0.9283,0.0,0.0,0.0,0.0717,0.0
caom:CFHT/2087749,ivo://cadc.nrc.ca/CFHT?2087749/2087749p,CFHT,2087749.0,2087749p,MegaPrime,30.08,0.9517,0.0,0.0001,0.0,0.0481,0.0
caom:CFHT/2087750,ivo://cadc.nrc.ca/CFHT?2087750/2087750p,CFHT,2087750.0,2087750p,MegaPrime,29.078999999999965,0.9458,0.0,0.0,0.0,0.0542,0.0
caom:CFHT/2087751,ivo://cadc.nrc.ca/CFHT?2087751/2087751p,CFHT,2087751.0,2087751p,MegaPrime,30.081,0.9483,0.0,0.0001,0.0002,0.0514,0.0
caom:CFHT/2089484,ivo://cadc.nrc.ca/CFHT?2089484/2089484p,CFHT,2089484.0,2089484p,MegaPrime,29.11999999999999,0.9404,0.0,0.0,0.0,0.0595,0.0
caom:CFHT/2089485,ivo://cadc.nrc.ca/CFHT?2089485/2089485p,CFHT,2089485.0,2089485p,MegaPrime,31.10999999999999,0.9781,0.0,0.0,0.0,0.0219,0.0
caom:CFHT/2089486,ivo://cadc.nrc.ca/CFHT?2089486/2089486p,CFHT,2089486.0,2089486p,MegaPrime,29.114000000000008,0.9949,0.0,0.0,0.0,0.0051,0.0
caom:CFHT/2089487,ivo://cadc.nrc.ca/CFHT?2089487/2089487p,CFHT,2089487.0,2089487p,MegaPrime,30.107999999999965,0.9892,0.0,0.0,0.0,0.0108,0.0
caom:CFHT/2091344,ivo://cadc.nrc.ca/CFHT?2091344/2091344p,CFHT,2091344.0,2091344p,MegaPrime,29.101999999999997,0.9557,0.0,0.0,0.0,0.0443,0.0
caom:CFHT/2091346,ivo://cadc.nrc.ca/CFHT?2091346/2091346p,CFHT,2091346.0,2091346p,MegaPrime,29.115999999999996,0.9458,0.0,0.0,0.0,0.0542,0.0
caom:CFHT/2091347,ivo://cadc.nrc.ca/CFHT?2091347/2091347p,CFHT,2091347.0,2091347p,MegaPrime,38.114000000000026,0.9698,0.0,0.0,0.0,0.0302,0.0
caom:CFHT/2099644,ivo://cadc.nrc.ca/CFHT?2099644/2099644p,CFHT,2099644.0,2099644p,MegaPrime,29.09699999999999,0.9058,0.0,0.0005,0.0,0.0937,0.0
caom:CFHT/2099645,ivo://cadc.nrc.ca/CFHT?2099645/2099645p,CFHT,2099645.0,2099645p,MegaPrime,37.09500000000003,0.9355,0.0,0.0008,0.0,0.0637,0.0
caom:CFHT/2099646,ivo://cadc.nrc.ca/CFHT?2099646/2099646p,CFHT,2099646.0,2099646p,MegaPrime,29.115,0.9403,0.0,0.0,0.0,0.0597,0.0
caom:CFHT/2099647,ivo://cadc.nrc.ca/CFHT?2099647/2099647p,CFHT,2099647.0,2099647p,MegaPrime,36.09799999999998,0.97,0.0,0.0,0.0,0.03,0.0
caom:CFHT/2100431,ivo://cadc.nrc.ca/CFHT?2100431/2100431p,CFHT,2100431.0,2100431p,MegaPrime,29.13099999999999,0.9383,0.0,0.0002,0.0,0.0616,0.0
caom:CFHT/2100432,ivo://cadc.nrc.ca/CFHT?2100432/2100432p,CFHT,2100432.0,2100432p,MegaPrime,48.115,0.9570000000000001,0.0,0.0002,0.0,0.0428,0.0
caom:CFHT/2100433,ivo://cadc.nrc.ca/CFHT?2100433/2100433p,CFHT,2100433.0,2100433p,MegaPrime,29.124000000000013,0.9026,0.0,0.0003,0.0,0.09699999999999999,0.0
caom:CFHT/2100434,ivo://cadc.nrc.ca/CFHT?2100434/2100434p,CFHT,2100434.0,2100434p,MegaPrime,45.12599999999998,0.9661,0.0,0.0002,0.0,0.0336,0.0
caom:CFHT/2101222,ivo://cadc.nrc.ca/CFHT?2101222/2101222p,CFHT,2101222.0,2101222p,MegaPrime,29.100000000000005,0.986,0.0,0.0,0.0,0.013999999999999999,0.0
caom:CFHT/2101223,ivo://cadc.nrc.ca/CFHT?2101223/2101223p,CFHT,2101223.0,2101223p,MegaPrime,30.096,0.9767,0.0,0.0,0.0,0.0233,0.0
caom:CFHT/2101224,ivo://cadc.nrc.ca/CFHT?2101224/2101224p,CFHT,2101224.0,2101224p,MegaPrime,29.093,0.9579,0.0,0.0,0.0,0.042,0.0
caom:CFHT/2101225,ivo://cadc.nrc.ca/CFHT?2101225/2101225p,CFHT,2101225.0,2101225p,MegaPrime,30.093,0.968,0.0,0.0,0.0,0.032,0.0
caom:CFHT/2101478,ivo://cadc.nrc.ca/CFHT?2101478/2101478p,CFHT,2101478.0,2101478p,MegaPrime,29.142000000000035,0.8813,0.0,0.0004,0.0081,0.1102,0.0
caom:CFHT/2101479,ivo://cadc.nrc.ca/CFHT?2101479/2101479p,CFHT,2101479.0,2101479p,MegaPrime,39.13899999999997,0.9247,0.0,0.0006,0.0,0.0747,0.0
caom:CFHT/2101480,ivo://cadc.nrc.ca/CFHT?2101480/2101480p,CFHT,2101480.0,2101480p,MegaPrime,29.121,0.8287,0.0,0.0004,0.0078,0.1631,0.0
caom:CFHT/2101481,ivo://cadc.nrc.ca/CFHT?2101481/2101481p,CFHT,2101481.0,2101481p,MegaPrime,51.13599999999998,0.9227,0.0,0.0005,0.0037,0.0731,0.0
caom:CFHT/2101627,ivo://cadc.nrc.ca/CFHT?2101627/2101627p,CFHT,2101627.0,2101627p,MegaPrime,29.033,0.7945,0.0,0.0002,0.0,0.2052,0.0
caom:CFHT/2101628,ivo://cadc.nrc.ca/CFHT?2101628/2101628p,CFHT,2101628.0,2101628p,MegaPrime,81.317,0.8356,0.0,0.0003,0.0,0.16399999999999998,0.0
caom:CFHT/2101629,ivo://cadc.nrc.ca/CFHT?2101629/2101629p,CFHT,2101629.0,2101629p,MegaPrime,29.033,0.7847,0.0,0.0009,0.0003,0.2141,0.0
caom:CFHT/2101630,ivo://cadc.nrc.ca/CFHT?2101630/2101630p,CFHT,2101630.0,2101630p,MegaPrime,87.31700000000001,0.7949,0.0,0.0003,0.0009,0.204,0.0
caom:CFHT/2103794,ivo://cadc.nrc.ca/CFHT?2103794/2103794p,CFHT,2103794.0,2103794p,MegaPrime,29.114000000000008,0.9259999999999999,0.0,0.0011,0.0,0.0729,0.0
caom:CFHT/2103795,ivo://cadc.nrc.ca/CFHT?2103795/2103795p,CFHT,2103795.0,2103795p,MegaPrime,30.109,0.9495,0.0,0.0005,0.0,0.05,0.0
caom:CFHT/2103796,ivo://cadc.nrc.ca/CFHT?2103796/2103796p,CFHT,2103796.0,2103796p,MegaPrime,29.107999999999965,0.9399,0.0,0.0,0.0,0.0601,0.0
caom:CFHT/2103797,ivo://cadc.nrc.ca/CFHT?2103797/2103797p,CFHT,2103797.0,2103797p,MegaPrime,30.1,0.9415,0.0,0.0,0.0,0.0585,0.0
caom:CFHT/2104476,ivo://cadc.nrc.ca/CFHT?2104476/2104476p,CFHT,2104476.0,2104476p,MegaPrime,29.058000000000003,0.9748,0.0,0.0001,0.0,0.0251,0.0
caom:CFHT/2104477,ivo://cadc.nrc.ca/CFHT?2104477/2104477p,CFHT,2104477.0,2104477p,MegaPrime,30.08299999999999,0.9783,0.0,0.0031,0.0,0.0186,0.0
caom:CFHT/2104478,ivo://cadc.nrc.ca/CFHT?2104478/2104478p,CFHT,2104478.0,2104478p,MegaPrime,29.06799999999999,0.9778,0.0,0.0,0.0,0.0222,0.0
caom:CFHT/2104479,ivo://cadc.nrc.ca/CFHT?2104479/2104479p,CFHT,2104479.0,2104479p,MegaPrime,30.08,0.9742,0.0,0.0001,0.0,0.0258,0.0
caom:CFHT/2106065,ivo://cadc.nrc.ca/CFHT?2106065/2106065p,CFHT,2106065.0,2106065p,MegaPrime,29.093,0.9834,0.0,0.0,0.0,0.0166,0.0
caom:CFHT/2106066,ivo://cadc.nrc.ca/CFHT?2106066/2106066p,CFHT,2106066.0,2106066p,MegaPrime,30.073,0.9947,0.0,0.0,0.0,0.0053,0.0
caom:CFHT/2106067,ivo://cadc.nrc.ca/CFHT?2106067/2106067p,CFHT,2106067.0,2106067p,MegaPrime,29.066999999999997,0.9924,0.0,0.0,0.0,0.0076,0.0
caom:CFHT/2106068,ivo://cadc.nrc.ca/CFHT?2106068/2106068p,CFHT,2106068.0,2106068p,MegaPrime,30.09500000000002,0.9929,0.0,0.0,0.0,0.0071,0.0
caom:CFHT/2113643,ivo://cadc.nrc.ca/CFHT?2113643/2113643p,CFHT,2113643.0,2113643p,MegaPrime,29.081,0.8042,0.0001,0.0086,0.016,0.1712,0.0
caom:CFHT/2113644,ivo://cadc.nrc.ca/CFHT?2113644/2113644p,CFHT,2113644.0,2113644p,MegaPrime,43.09099999999996,0.9095,0.0,0.0005,0.0002,0.0897,0.0
caom:CFHT/2113645,ivo://cadc.nrc.ca/CFHT?2113645/2113645p,CFHT,2113645.0,2113645p,MegaPrime,29.094000000000033,0.8009999999999999,0.0002,0.0074,0.0141,0.1772,0.0
caom:CFHT/2113646,ivo://cadc.nrc.ca/CFHT?2113646/2113646p,CFHT,2113646.0,2113646p,MegaPrime,43.07799999999998,0.9152,0.0,0.0003,0.0004,0.0841,0.0
caom:CFHT/2113672,ivo://cadc.nrc.ca/CFHT?2113672/2113672p,CFHT,2113672.0,2113672p,MegaPrime,29.05399999999999,0.7828,0.0005,0.0065,0.0216,0.1886,0.0
caom:CFHT/2158831,ivo://cadc.nrc.ca/CFHT?2158831/2158831p,CFHT,2158831.0,2158831p,MegaPrime,29.09699999999999,0.9425,0.0,0.0001,0.0,0.0574,0.0
caom:CFHT/2158832,ivo://cadc.nrc.ca/CFHT?2158832/2158832p,CFHT,2158832.0,2158832p,MegaPrime,35.077,0.9479,0.0,0.0001,0.0,0.052000000000000005,0.0
caom:CFHT/2158833,ivo://cadc.nrc.ca/CFHT?2158833/2158833p,CFHT,2158833.0,2158833p,MegaPrime,29.08299999999999,0.9089,0.0,0.0008,0.0,0.0902,0.0
caom:CFHT/2158834,ivo://cadc.nrc.ca/CFHT?2158834/2158834p,CFHT,2158834.0,2158834p,MegaPrime,35.08300000000001,0.9448,0.0,0.0001,0.0,0.0551,0.0
caom:CFHT/2161292,ivo://cadc.nrc.ca/CFHT?2161292/2161292p,CFHT,2161292.0,2161292p,MegaPrime,29.109,0.7887,0.0001,0.0012,0.0044,0.2055,0.0
caom:CFHT/2161293,ivo://cadc.nrc.ca/CFHT?2161293/2161293p,CFHT,2161293.0,2161293p,MegaPrime,84.09900000000005,0.9287,0.0,0.0004,0.0,0.0709,0.0
caom:CFHT/2161294,ivo://cadc.nrc.ca/CFHT?2161294/2161294p,CFHT,2161294.0,2161294p,MegaPrime,29.107999999999965,0.8612,0.0,0.0002,0.0,0.1386,0.0
caom:CFHT/2161295,ivo://cadc.nrc.ca/CFHT?2161295/2161295p,CFHT,2161295.0,2161295p,MegaPrime,80.09499999999993,0.9136,0.0,0.0001,0.0,0.0863,0.0
caom:CFHT/692497,ivo://cadc.nrc.ca/CFHT?692497/692497p,CFHT,692497.0,692497p,MegaPrime,10.187999999999994,0.4355,0.003,0.2603,0.2011,0.1,0.0
caom:CFHT/708590,ivo://cadc.nrc.ca/CFHT?708590/708590p,CFHT,708590.0,708590p,MegaPrime,500.1450000000003,0.8942,0.0001,0.0234,0.0271,0.0552,0.0
caom:CFHT/708591,ivo://cadc.nrc.ca/CFHT?708591/708591p,CFHT,708591.0,708591p,MegaPrime,500.153,0.9079999999999999,0.0,0.0353,0.0008,0.0559,0.0
caom:CFHT/708592,ivo://cadc.nrc.ca/CFHT?708592/708592p,CFHT,708592.0,708592p,MegaPrime,500.1560000000002,0.9127,0.0001,0.0225,0.0052,0.0595,0.0
caom:CFHT/708593,ivo://cadc.nrc.ca/CFHT?708593/708593p,CFHT,708593.0,708593p,MegaPrime,500.16900000000015,0.915,0.0001,0.0084,0.0002,0.0764,0.0
caom:CFHT/708705,ivo://cadc.nrc.ca/CFHT?708705/708705p,CFHT,708705.0,708705p,MegaPrime,620.1280000000003,0.6197,0.0009,0.0157,0.0043,0.3593,0.0
caom:CFHT/708706,ivo://cadc.nrc.ca/CFHT?708706/708706p,CFHT,708706.0,708706p,MegaPrime,620.1500000000002,0.6509,0.0021,0.0178,0.0055,0.3236,0.0
caom:CFHT/712158,ivo://cadc.nrc.ca/CFHT?712158/712158p,CFHT,712158.0,712158p,MegaPrime,62.12899999999996,0.6815,0.0022,0.1135,0.0066,0.196,0.0
caom:CFHT/755385,ivo://cadc.nrc.ca/CFHT?755385/755385p,CFHT,755385.0,755385p,MegaPrime,600.1820000000004,0.7921,0.0079,0.0616,0.0223,0.1161,0.0
caom:CFHT/781217,ivo://cadc.nrc.ca/CFHT?781217/781217p,CFHT,781217.0,781217p,MegaPrime,500.2309999999998,0.9053,0.0001,0.0044,0.0001,0.0901,0.0
caom:CFHT/781218,ivo://cadc.nrc.ca/CFHT?781218/781218p,CFHT,781218.0,781218p,MegaPrime,500.22700000000015,0.9144,0.0,0.0045,0.0001,0.0811,0.0
caom:CFHT/781219,ivo://cadc.nrc.ca/CFHT?781219/781219p,CFHT,781219.0,781219p,MegaPrime,500.2299999999997,0.8303,0.0023,0.0101,0.0068,0.1505,0.0
caom:CFHT/781220,ivo://cadc.nrc.ca/CFHT?781220/781220p,CFHT,781220.0,781220p,MegaPrime,500.23200000000014,0.7524,0.0049,0.0502,0.0188,0.1736,0.0
caom:CFHT/792935,ivo://cadc.nrc.ca/CFHT?792935/792935p,CFHT,792935.0,792935p,MegaPrime,500.185,0.8593,0.0051,0.043,0.0111,0.0816,0.0
caom:CFHT/792936,ivo://cadc.nrc.ca/CFHT?792936/792936p,CFHT,792936.0,792936p,MegaPrime,500.19699999999995,0.8649,0.0051,0.0626,0.0076,0.0598,0.0
caom:CFHT/792937,ivo://cadc.nrc.ca/CFHT?792937/792937p,CFHT,792937.0,792937p,MegaPrime,500.1929999999997,0.8422,0.0036,0.0698,0.0055,0.0789,0.0
caom:CFHT/792938,ivo://cadc.nrc.ca/CFHT?792938/792938p,CFHT,792938.0,792938p,MegaPrime,500.1949999999998,0.8623,0.0054,0.0401,0.0271,0.065,0.0
caom:CFHT/792939,ivo://cadc.nrc.ca/CFHT?792939/792939p,CFHT,792939.0,792939p,MegaPrime,500.1879999999999,0.8631,0.0077,0.0551,0.0126,0.0614,0.0
caom:CFHT/792953,ivo://cadc.nrc.ca/CFHT?792953/792953p,CFHT,792953.0,792953p,MegaPrime,500.19800000000015,0.8837,0.0012,0.0022,0.0078,0.105,0.0
caom:CFHT/792954,ivo://cadc.nrc.ca/CFHT?792954/792954p,CFHT,792954.0,792954p,MegaPrime,500.19599999999997,0.8813,0.0001,0.0002,0.003,0.1155,0.0
caom:CFHT/793059,ivo://cadc.nrc.ca/CFHT?793059/793059p,CFHT,793059.0,793059p,MegaPrime,615.1870000000004,0.5333,0.0,0.0009,0.0005,0.4653,0.0
caom:CFHT/793060,ivo://cadc.nrc.ca/CFHT?793060/793060p,CFHT,793060.0,793060p,MegaPrime,615.1889999999997,0.4187,0.0004,0.0148,0.0033,0.5629,0.0
caom:CFHT/793061,ivo://cadc.nrc.ca/CFHT?793061/793061p,CFHT,793061.0,793061p,MegaPrime,615.1990000000002,0.4661,0.0003,0.0225,0.0024,0.5087,0.0
caom:CFHT/793064,ivo://cadc.nrc.ca/CFHT?793064/793064p,CFHT,793064.0,793064p,MegaPrime,615.1889999999997,0.4102,0.0015,0.0126,0.0072,0.5685,0.0
caom:CFHT/793065,ivo://cadc.nrc.ca/CFHT?793065/793065p,CFHT,793065.0,793065p,MegaPrime,615.1820000000004,0.3271,0.0005,0.0037,0.017,0.6517,0.0
caom:CFHT/793066,ivo://cadc.nrc.ca/CFHT?793066/793066p,CFHT,793066.0,793066p,MegaPrime,615.1850000000002,0.3417,0.0006,0.0094,0.0193,0.629,0.0
caom:CFHT/793067,ivo://cadc.nrc.ca/CFHT?793067/793067p,CFHT,793067.0,793067p,MegaPrime,615.2109999999998,0.2381,0.0,0.0,0.0555,0.7064,0.0
caom:CFHT/793068,ivo://cadc.nrc.ca/CFHT?793068/793068p,CFHT,793068.0,793068p,MegaPrime,615.1840000000002,0.2592,0.0002,0.0003,0.0163,0.7240000000000001,0.0
caom:CFHT/793069,ivo://cadc.nrc.ca/CFHT?793069/793069p,CFHT,793069.0,793069p,MegaPrime,615.1860000000003,0.2556,0.0006,0.0004,0.0176,0.7258,0.0
caom:CFHT/793070,ivo://cadc.nrc.ca/CFHT?793070/793070p,CFHT,793070.0,793070p,MegaPrime,615.1899999999998,0.2633,0.0014,0.0022,0.0128,0.7203,0.0
caom:CFHT/793071,ivo://cadc.nrc.ca/CFHT?793071/793071p,CFHT,793071.0,793071p,MegaPrime,615.1929999999996,0.3611,0.0002,0.0005,0.0091,0.6291,0.0
caom:CFHT/793330,ivo://cadc.nrc.ca/CFHT?793330/793330p,CFHT,793330.0,793330p,MegaPrime,500.18300000000056,0.9528,0.0,0.0008,0.0002,0.0462,0.0
caom:CFHT/793331,ivo://cadc.nrc.ca/CFHT?793331/793331p,CFHT,793331.0,793331p,MegaPrime,500.17900000000003,0.9645,0.0,0.0012,0.0003,0.034,0.0
caom:CFHT/793332,ivo://cadc.nrc.ca/CFHT?793332/793332p,CFHT,793332.0,793332p,MegaPrime,500.19100000000014,0.9665,0.0004,0.0051,0.0011,0.0269,0.0
caom:CFHT/793333,ivo://cadc.nrc.ca/CFHT?793333/793333p,CFHT,793333.0,793333p,MegaPrime,500.18300000000056,0.9672,0.0,0.0009,0.0002,0.0316,0.0
caom:CFHT/793334,ivo://cadc.nrc.ca/CFHT?793334/793334p,CFHT,793334.0,793334p,MegaPrime,500.1929999999997,0.9547,0.0002,0.0014,0.0032,0.0405,0.0
caom:CFHT/793456,ivo://cadc.nrc.ca/CFHT?793456/793456p,CFHT,793456.0,793456p,MegaPrime,615.143,0.655,0.0001,0.0083,0.0002,0.3365,0.0
caom:CFHT/793457,ivo://cadc.nrc.ca/CFHT?793457/793457p,CFHT,793457.0,793457p,MegaPrime,615.1719999999998,0.6437,0.0051,0.0223,0.0143,0.3146,0.0
caom:CFHT/793458,ivo://cadc.nrc.ca/CFHT?793458/793458p,CFHT,793458.0,793458p,MegaPrime,615.1879999999996,0.6461,0.0003,0.0167,0.0015,0.3356,0.0
caom:CFHT/793459,ivo://cadc.nrc.ca/CFHT?793459/793459p,CFHT,793459.0,793459p,MegaPrime,615.1909999999998,0.625,0.0002,0.005,0.0065,0.3635,0.0
caom:CFHT/793460,ivo://cadc.nrc.ca/CFHT?793460/793460p,CFHT,793460.0,793460p,MegaPrime,615.1899999999998,0.625,0.0015,0.0079,0.0037,0.36200000000000004,0.0
caom:CFHT/793461,ivo://cadc.nrc.ca/CFHT?793461/793461p,CFHT,793461.0,793461p,MegaPrime,615.1949999999998,0.6067,0.0001,0.0098,0.0005,0.3829,0.0
caom:CFHT/793462,ivo://cadc.nrc.ca/CFHT?793462/793462p,CFHT,793462.0,793462p,MegaPrime,615.1899999999998,0.5389,0.0018,0.0071,0.0082,0.444,0.0
caom:CFHT/793664,ivo://cadc.nrc.ca/CFHT?793664/793664p,CFHT,793664.0,793664p,MegaPrime,180.1850000000001,0.8511,0.0025,0.0088,0.0435,0.0941,0.0
caom:CFHT/796972,ivo://cadc.nrc.ca/CFHT?796972/796972p,CFHT,796972.0,796972p,MegaPrime,500.2309999999998,0.956,0.0,0.0189,0.0001,0.025,0.0
caom:CFHT/796973,ivo://cadc.nrc.ca/CFHT?796973/796973p,CFHT,796973.0,796973p,MegaPrime,500.2360000000004,0.9679,0.0006,0.013000000000000001,0.0031,0.0153,0.0
caom:CFHT/800978,ivo://cadc.nrc.ca/CFHT?800978/800978p,CFHT,800978.0,800978p,MegaPrime,500.1659999999998,0.9826,0.0,0.0,0.0001,0.0173,0.0
caom:CFHT/850958,ivo://cadc.nrc.ca/CFHT?850958/850958p,CFHT,850958.0,850958p,MegaPrime,600.2040000000002,0.7565,0.0001,0.0011,0.0004,0.2418,0.0
caom:CFHT/851031,ivo://cadc.nrc.ca/CFHT?851031/851031p,CFHT,851031.0,851031p,MegaPrime,60.145,0.0929,0.0,0.0,0.0,0.907,0.0
caom:CFHT/851037,ivo://cadc.nrc.ca/CFHT?851037/851037p,CFHT,851037.0,851037p,MegaPrime,60.15400000000001,0.5116,0.0,0.0,0.0,0.4884,0.0
caom:CFHT/851171,ivo://cadc.nrc.ca/CFHT?851171/851171p,CFHT,851171.0,851171p,MegaPrime,600.2050000000004,0.7814,0.0001,0.0015,0.0034,0.2135,0.0
caom:CFHT/852880,ivo://cadc.nrc.ca/CFHT?852880/852880p,CFHT,852880.0,852880p,MegaPrime,60.17499999999998,0.7369,0.0,0.0002,0.0,0.2629,0.0
caom:CFHT/905718,ivo://cadc.nrc.ca/CFHT?905718/905718p,CFHT,905718.0,905718p,MegaPrime,600.1680000000001,0.6168,0.0003,0.0121,0.002,0.3687,0.0
caom:CFHT/905719,ivo://cadc.nrc.ca/CFHT?905719/905719p,CFHT,905719.0,905719p,MegaPrime,600.1739999999994,0.6197,0.001,0.0114,0.0038,0.3641,0.0
caom:CFHT/905720,ivo://cadc.nrc.ca/CFHT?905720/905720p,CFHT,905720.0,905720p,MegaPrime,600.1879999999996,0.6304,0.0003,0.0136,0.0051,0.3506,0.0
caom:CFHT/905721,ivo://cadc.nrc.ca/CFHT?905721/905721p,CFHT,905721.0,905721p,MegaPrime,600.1929999999996,0.6598,0.0001,0.0122,0.0003,0.3276,0.0
caom:CFHT/905722,ivo://cadc.nrc.ca/CFHT?905722/905722p,CFHT,905722.0,905722p,MegaPrime,600.1810000000004,0.6582,0.0,0.0004,0.0033,0.3382,0.0
caom:CFHT/905723,ivo://cadc.nrc.ca/CFHT?905723/905723p,CFHT,905723.0,905723p,MegaPrime,600.197,0.6799,0.0,0.0003,0.0016,0.3182,0.0
caom:CFHT/905724,ivo://cadc.nrc.ca/CFHT?905724/905724p,CFHT,905724.0,905724p,MegaPrime,600.1990000000002,0.6807,0.0,0.0002,0.0023,0.3168,0.0
caom:CFHT/905725,ivo://cadc.nrc.ca/CFHT?905725/905725p,CFHT,905725.0,905725p,MegaPrime,600.196,0.6722,0.0,0.0013,0.0005,0.3259,0.0
caom:CFHT/905726,ivo://cadc.nrc.ca/CFHT?905726/905726p,CFHT,905726.0,905726p,MegaPrime,600.1879999999996,0.68,0.0001,0.0001,0.0028,0.317,0.0
caom:CFHT/905727,ivo://cadc.nrc.ca/CFHT?905727/905727p,CFHT,905727.0,905727p,MegaPrime,600.1879999999996,0.6881,0.0006,0.0009,0.0039,0.3065,0.0
caom:CFHT/905849,ivo://cadc.nrc.ca/CFHT?905849/905849p,CFHT,905849.0,905849p,MegaPrime,600.215,0.6665,0.0,0.0001,0.0,0.3335,0.0
caom:CFHT/905850,ivo://cadc.nrc.ca/CFHT?905850/905850p,CFHT,905850.0,905850p,MegaPrime,600.203,0.6793,0.0,0.0,0.0,0.3206,0.0
caom:CFHT/905851,ivo://cadc.nrc.ca/CFHT?905851/905851p,CFHT,905851.0,905851p,MegaPrime,600.2010000000006,0.6593,0.0,0.0002,0.0,0.3405,0.0
caom:CFHT/905852,ivo://cadc.nrc.ca/CFHT?905852/905852p,CFHT,905852.0,905852p,MegaPrime,600.2109999999998,0.6544,0.0,0.0002,0.0001,0.3453,0.0
caom:CFHT/905853,ivo://cadc.nrc.ca/CFHT?905853/905853p,CFHT,905853.0,905853p,MegaPrime,600.2050000000004,0.6609999999999999,0.0,0.0,0.0001,0.3389,0.0
caom:CFHT/905854,ivo://cadc.nrc.ca/CFHT?905854/905854p,CFHT,905854.0,905854p,MegaPrime,600.214,0.6804,0.0033,0.009000000000000001,0.0087,0.2986,0.0
caom:CFHT/905855,ivo://cadc.nrc.ca/CFHT?905855/905855p,CFHT,905855.0,905855p,MegaPrime,600.1980000000002,0.7073,0.0004,0.0045,0.0006,0.2871,0.0
caom:CFHT/905856,ivo://cadc.nrc.ca/CFHT?905856/905856p,CFHT,905856.0,905856p,MegaPrime,600.2090000000002,0.6888,0.0033,0.0085,0.0055,0.294,0.0
caom:CFHT/905857,ivo://cadc.nrc.ca/CFHT?905857/905857p,CFHT,905857.0,905857p,MegaPrime,600.2079999999999,0.6873,0.0017,0.0109,0.002,0.298,0.0
caom:CFHT/905858,ivo://cadc.nrc.ca/CFHT?905858/905858p,CFHT,905858.0,905858p,MegaPrime,600.2059999999998,0.6951,0.0017,0.0087,0.0049,0.2895,0.0
caom:CFHT/918227,ivo://cadc.nrc.ca/CFHT?918227/918227p,CFHT,918227.0,918227p,MegaPrime,600.2129999999999,0.6911,0.0,0.0,0.0,0.3089,0.0
caom:CFHT/918456,ivo://cadc.nrc.ca/CFHT?918456/918456p,CFHT,918456.0,918456p,MegaPrime,600.1709999999998,0.6998,0.0,0.0003,0.0043,0.2956,0.0
caom:CFHT/918457,ivo://cadc.nrc.ca/CFHT?918457/918457p,CFHT,918457.0,918457p,MegaPrime,600.1939999999996,0.7515,0.0,0.0,0.0,0.2484,0.0
caom:CFHT/918458,ivo://cadc.nrc.ca/CFHT?918458/918458p,CFHT,918458.0,918458p,MegaPrime,600.1820000000004,0.7569,0.0,0.0009,0.0,0.2421,0.0
caom:CFHT/967981,ivo://cadc.nrc.ca/CFHT?967981/967981p,CFHT,967981.0,967981p,MegaPrime,500.22600000000006,0.9197,0.0,0.0022,0.0,0.0782,0.0
caom:CFHT/967982,ivo://cadc.nrc.ca/CFHT?967982/967982p,CFHT,967982.0,967982p,MegaPrime,500.2160000000002,0.889,0.0033,0.0088,0.0065,0.0924,0.0
caom:CFHT/967983,ivo://cadc.nrc.ca/CFHT?967983/967983p,CFHT,967983.0,967983p,MegaPrime,500.2230000000001,0.8742,0.0068,0.0179,0.0196,0.0814,0.0
caom:CFHT/967984,ivo://cadc.nrc.ca/CFHT?967984/967984p,CFHT,967984.0,967984p,MegaPrime,500.22099999999983,0.8584,0.0042,0.012,0.0138,0.1116,0.0
caom:CFHT/986929,ivo://cadc.nrc.ca/CFHT?986929/986929p,CFHT,986929.0,986929p,MegaPrime,615.1870000000004,0.5783,0.0021,0.0117,0.0033,0.4046,0.0
caom:CFHT/987080,ivo://cadc.nrc.ca/CFHT?987080/987080p,CFHT,987080.0,987080p,MegaPrime,615.1909999999998,0.6298,0.0015,0.0062,0.006999999999999999,0.3555,0.0
caom:CFHT/987081,ivo://cadc.nrc.ca/CFHT?987081/987081p,CFHT,987081.0,987081p,MegaPrime,615.2020000000001,0.6079,0.0018,0.0058,0.0083,0.3762,0.0
caom:CFHT/987082,ivo://cadc.nrc.ca/CFHT?987082/987082p,CFHT,987082.0,987082p,MegaPrime,615.1909999999998,0.5861,0.0024,0.0156,0.0083,0.3876,0.0
caom:CFHT/987083,ivo://cadc.nrc.ca/CFHT?987083/987083p,CFHT,987083.0,987083p,MegaPrime,615.1860000000003,0.6506,0.0006,0.0101,0.0061,0.3325,0.0
caom:CFHT/987084,ivo://cadc.nrc.ca/CFHT?987084/987084p,CFHT,987084.0,987084p,MegaPrime,615.1919999999997,0.6859999999999999,0.0003,0.0158,0.0015,0.2964,0.0
caom:CFHT/987085,ivo://cadc.nrc.ca/CFHT?987085/987085p,CFHT,987085.0,987085p,MegaPrime,615.1889999999997,0.6885,0.0001,0.0028,0.0026,0.3059,0.0
caom:CFHT/987094,ivo://cadc.nrc.ca/CFHT?987094/987094p,CFHT,987094.0,987094p,MegaPrime,615.2119999999996,0.499,0.0005,0.0021,0.0093,0.4891,0.0
caom:CFHT/987095,ivo://cadc.nrc.ca/CFHT?987095/987095p,CFHT,987095.0,987095p,MegaPrime,615.2020000000001,0.5121,0.0009,0.0034,0.0092,0.4744,0.0
caom:CFHT/995485,ivo://cadc.nrc.ca/CFHT?995485/995485p,CFHT,995485.0,995485p,MegaPrime,120.14899999999994,0.8045,0.0,0.0001,0.0,0.1954,0.0
caom:CFHT/995486,ivo://cadc.nrc.ca/CFHT?995486/995486p,CFHT,995486.0,995486p,MegaPrime,120.15500000000007,0.7619,0.002,0.0118,0.009000000000000001,0.2154,0.0
caom:CFHT/995533,ivo://cadc.nrc.ca/CFHT?995533/995533p,CFHT,995533.0,995533p,MegaPrime,60.10999999999997,0.9258,0.0,0.0002,0.0001,0.0739,0.0
caom:CFHT/995534,ivo://cadc.nrc.ca/CFHT?995534/995534p,CFHT,995534.0,995534p,MegaPrime,60.10999999999997,0.9248,0.0033,0.0085,0.0054,0.057999999999999996,0.0
caom:CFHT/995792,ivo://cadc.nrc.ca/CFHT?995792/995792p,CFHT,995792.0,995792p,MegaPrime,60.10999999999997,0.9903,0.0,0.0,0.0,0.0097,0.0
caom:CFHT/995793,ivo://cadc.nrc.ca/CFHT?995793/995793p,CFHT,995793.0,995793p,MegaPrime,60.13100000000002,0.9058,0.0027,0.0323,0.0041,0.055,0.0
